"﻿Tabela 1612 - Área plantada, área colhida, quantidade produzida, rendimento médio e valor da produção das lavouras temporárias",Unnamed: 1,Unnamed: 2,Unnamed: 3,Unnamed: 4,Unnamed: 5,Unnamed: 6,Unnamed: 7,Unnamed: 8,Unnamed: 9,Unnamed: 10,Unnamed: 11,Unnamed: 12,Unnamed: 13,Unnamed: 14,Unnamed: 15,Unnamed: 16,Unnamed: 17,Unnamed: 18,Unnamed: 19,Unnamed: 20,Unnamed: 21,Unnamed: 22
Variável - Rendimento médio da produção (Quilogramas por Hectare),,,,,,,,,,,,,,,,,,,,,,
Cód.,Município,Ano x Produto das lavouras temporárias,,,,,,,,,,,,,,,,,,,,
Cód.,Município,2000,2001,2002,2003,2004,2005,2006,2007,2008,2009,2010,2011,2012,2013,2014,2015,2016,2017,2018,2019,2020
Cód.,Município,Cana-de-açúcar,Cana-de-açúcar,Cana-de-açúcar,Cana-de-açúcar,Cana-de-açúcar,Cana-de-açúcar,Cana-de-açúcar,Cana-de-açúcar,Cana-de-açúcar,Cana-de-açúcar,Cana-de-açúcar,Cana-de-açúcar,Cana-de-açúcar,Cana-de-açúcar,Cana-de-açúcar,Cana-de-açúcar,Cana-de-açúcar,Cana-de-açúcar,Cana-de-açúcar,Cana-de-açúcar,Cana-de-açúcar
3500105,Adamantina (SP),50000,80000,76311,77794,80000,81307,75000,100000,90000,80000,80000,75000,60000,70000,60000,80000,80000,80000,70000,75000,70000
3500204,Adolfo (SP),-,80000,-,-,120000,89009,100000,100000,80000,90000,90000,90000,90000,90000,70000,70000,80000,90000,90000,90000,90000
3500303,Aguaí (SP),80000,-,87000,86089,86000,85434,85000,85000,89080,90000,95000,90000,90000,100000,100000,80000,90000,90000,85000,85000,85000
3500402,Águas da Prata (SP),-,-,-,-,-,-,-,-,-,120000,120000,60000,90000,90000,90000,-,-,-,-,-,-
3500501,Águas de Lindóia (SP),-,-,-,-,-,-,-,-,-,-,-,-,-,-,-,-,-,-,-,-,-
3500550,Águas de Santa Bárbara (SP),-,-,-,-,-,-,80333,80000,82000,61651,85000,80000,100000,100000,100000,90000,63000,80000,70000,75000,55000
3500600,Águas de São Pedro (SP),...,...,...,...,...,...,...,...,...,...,-,...,-,...,...,...,...,...,...,...,...
3500709,Agudos (SP),70000,70000,70000,70000,77996,77723,80000,88669,80000,80000,80000,79500,79500,79500,60004,64794,61000,70000,61000,70000,70000
3500758,Alambari (SP),-,-,-,-,-,-,-,-,75000,88888,100000,92300,70000,80000,72800,80000,80000,80000,80000,80000,80000
3500808,Alfredo Marcondes (SP),-,-,-,-,-,-,-,-,-,-,-,-,-,-,-,-,-,-,-,-,-
3500907,Altair (SP),75000,75000,75000,75000,75000,74501,75000,80000,75000,75000,80000,93000,93000,75100,68182,75100,80000,80000,80000,80000,75000
3501004,Altinópolis (SP),70000,75000,65000,65000,65000,69536,75000,75000,75000,70000,80000,78000,86957,80000,74100,82000,74000,74000,74000,74000,74000
3501103,Alto Alegre (SP),70000,-,70000,56000,70000,79000,80000,80000,75000,...,70000,65000,80000,80000,65430,56490,74230,65690,65690,80000,70000
3501152,Alumínio (SP),-,-,50000,50000,60000,50134,50135,50000,50000,-,10000,90000,90000,100000,100000,100000,100000,100000,100000,85000,100000
3501202,Álvares Florence (SP),-,-,-,-,-,-,80000,100000,100000,80000,80000,79231,80000,74754,71604,70004,83798,80000,75002,75002,75000
3501301,Álvares Machado (SP),-,-,-,-,-,-,-,-,-,-,-,-,-,-,75000,75000,75000,80000,100000,100000,100000
3501400,Álvaro de Carvalho (SP),-,-,-,-,-,-,-,-,-,-,-,-,-,-,-,-,-,-,-,-,-
3501509,Alvinlândia (SP),-,-,-,-,-,39733,-,-,-,-,-,-,-,-,-,-,-,-,-,-,-
3501608,Americana (SP),60000,75000,75000,75000,75000,74497,75000,80000,80000,78260,75000,93750,56000,76800,80269,77360,80000,80000,80000,80000,80000
3501707,Américo Brasiliense (SP),79242,80000,71600,71600,80000,81759,81760,80000,100000,100000,83895,83895,84000,84000,84000,75000,80000,80000,80000,80000,80000
3501806,Américo de Campos (SP),-,-,-,-,-,-,-,-,60053,62000,60000,79688,72000,72000,61000,70000,78000,78000,70000,70000,71944
3501905,Amparo (SP),90000,90000,100000,100000,90000,99360,110000,110000,110000,110000,110000,100000,80000,80000,72628,60000,60000,60000,60000,60000,60000
3502002,Analândia (SP),85000,85000,85000,85000,85000,84430,85000,85000,85000,85000,85000,85000,63143,85000,85000,85000,85000,85000,85000,85000,85000
3502101,Andradina (SP),80000,80000,80000,80000,80000,80423,80000,80000,80000,67114,80000,90000,80000,80000,70000,70000,70000,70000,75000,70000,70000
3502200,Angatuba (SP),-,-,112982,82271,83000,74732,70152,75000,75000,84615,95000,88600,85000,100000,78000,100000,100000,100000,85000,85000,90000
3502309,Anhembi (SP),60000,60000,60000,60000,60000,54639,65000,85000,85000,85000,75000,75000,75000,80000,62000,85000,70000,80000,80000,79259,79259
3502408,Anhumas (SP),-,-,-,70000,70000,69529,70000,75000,70000,70000,80000,70000,71000,80000,77000,70000,60000,75000,75000,75000,73475
3502507,Aparecida (SP),...,-,-,-,-,-,-,-,-,-,-,-,-,-,-,-,-,-,-,-,-
3502606,Aparecida d'Oeste (SP),-,-,-,60000,60000,59599,120000,140000,14000,120000,100000,100000,90000,90000,80000,80000,80000,80000,80000,85000,85000
3502705,Apiaí (SP),-,-,-,70000,60000,39759,40000,100000,100000,35000,-,70000,-,-,-,-,-,-,-,-,-
3502754,Araçariguama (SP),60000,60000,70000,70000,60000,59595,59595,44285,59595,-,-,-,-,-,-,-,-,-,-,-,-
3502804,Araçatuba (SP),80000,71820,80000,81000,80000,82278,80000,100000,100000,90000,100000,80000,80000,80000,60000,75000,68354,65000,80000,75000,80000
3502903,Araçoiaba da Serra (SP),70000,70000,70000,70000,70000,99328,100000,-,90000,81176,100000,90000,90000,100000,100000,100000,80000,80000,80000,80000,80000
3503000,Aramina (SP),71000,70000,70000,70000,75000,74503,76000,70000,120000,90000,90000,90000,75000,80000,70000,75000,80000,80000,80000,75000,75000
3503109,Arandu (SP),-,-,-,70000,70000,69648,70000,100000,70000,100000,100000,100000,70000,70000,70000,70000,60000,60000,55000,-,60000
3503158,Arapeí (SP),-,-,50000,50000,50000,50134,50135,-,50000,40000,50000,65000,65000,65000,65000,59322,-,65000,65000,65000,65000
3503208,Araraquara (SP),70000,70000,71600,69500,75952,82865,75000,80000,90000,90000,130156,88016,72000,80000,80000,75000,80000,80000,80000,80000,80000
3503307,Araras (SP),70000,77931,90000,90000,90000,92411,83000,83000,90000,87735,93000,90000,78000,69333,-,68000,80000,80000,76444,80000,80000
3503356,Arco-Íris (SP),-,-,76923,75190,91939,91552,90000,90000,75000,72000,72000,80000,80000,76000,61000,75000,75000,61000,82800,70000,75000
3503406,Arealva (SP),80000,80000,80000,80000,80000,79463,80000,90000,80000,80000,80000,81500,81500,81500,76297,76248,72125,75000,80000,77000,72000
3503505,Areias (SP),80000,-,80000,80000,80000,60173,60000,-,60000,60000,60000,60000,60000,60000,60000,60000,-,60000,60000,65000,60000
3503604,Areiópolis (SP),90000,90000,79411,80000,81212,89409,90000,90000,90000,90000,91836,90000,80000,80000,68000,76000,88000,83000,83000,84438,84444
3503703,Ariranha (SP),77000,70000,85555,85000,85000,84438,80000,80000,80000,80000,80000,80000,80000,80000,64000,70000,89247,85000,85000,73000,73000
3503802,Artur Nogueira (SP),45000,75000,77000,77000,77000,76484,90000,90000,90000,90000,80000,80000,80000,80000,73000,80000,80000,80000,77667,78400,80000
3503901,Arujá (SP),-,...,...,...,...,...,...,...,...,...,...,...,...,...,...,...,...,...,...,...,...
3503950,Aspásia (SP),-,-,-,-,-,-,-,90000,-,88000,101000,90000,85000,85000,85000,85000,85000,85000,85000,90000,90000
3504008,Assis (SP),70000,88698,75000,78708,78000,74500,75000,77000,75000,92280,83699,70500,75000,75000,70000,80000,75000,95000,85000,85000,85000
3504107,Atibaia (SP),-,-,40000,41000,42000,40354,40000,40000,50000,50000,55000,90000,75000,90000,70000,70000,70000,70000,70000,70000,70000
3504206,Auriflama (SP),80000,-,85083,88050,84536,79451,120000,120000,81000,-,80000,80000,79781,74223,74223,66360,70000,70000,70000,75000,70000
3504305,Avaí (SP),70000,70000,65000,92113,62820,62387,70000,70000,62387,62387,62388,68900,68900,68900,75823,75823,61680,61680,70000,70000,75000
3504404,Avanhandava (SP),84317,-,78892,67806,82000,73000,100000,100000,80000,80000,83000,83000,80000,85000,65430,50000,76530,61900,61900,75000,66000
3504503,Avaré (SP),70000,84285,70000,70000,70000,69541,70000,70000,70000,70000,70000,70000,70000,70000,70000,70000,70000,70000,70000,70000,72500
3504602,Bady Bassitt (SP),70000,-,80000,80000,100000,80104,90000,80000,80000,80000,80000,80000,80000,80000,80000,80000,90000,90000,90000,85000,85000
3504701,Balbinos (SP),-,-,-,-,-,-,-,70000,70000,70000,70000,73000,73000,75000,65000,70000,85019,80000,90000,90000,90000
3504800,Bálsamo (SP),60000,60000,80000,80000,80000,79464,100000,100000,100000,90000,90000,90000,89024,99600,70000,70000,70000,80000,70000,80000,80000
3504909,Bananal (SP),60000,72000,50000,50000,50000,50134,50000,50000,50000,49107,50000,65000,65000,65000,65000,65000,65000,65000,65000,65000,65000
3505005,Barão de Antonina (SP),-,-,-,-,-,-,-,-,-,-,60000,60000,-,-,-,-,-,-,-,-,-
3505104,Barbosa (SP),80000,80000,73439,75117,70000,70000,81831,75000,80000,80000,80000,80000,80000,80000,65430,54460,74360,70220,70220,50000,70000
3505203,Bariri (SP),70000,70000,81250,80000,80000,79469,80000,80000,80000,80000,80000,80000,75000,80000,75000,77000,80000,82000,75000,78000,75000
3505302,Barra Bonita (SP),90000,90000,78888,90000,90000,89406,85000,85000,88000,88000,88000,88000,75000,83000,72000,86000,85000,85000,85000,75000,75000
3505351,Barra do Chapéu (SP),-,-,-,-,-,-,-,-,-,-,-,-,-,-,-,-,-,-,-,50000,50000
3505401,Barra do Turvo (SP),-,-,-,-,-,-,-,-,-,45000,45000,35000,-,-,-,-,-,-,20000,46000,46000
3505500,Barretos (SP),90000,90000,90000,90000,90000,92001,90000,90000,90000,90000,90000,85000,70000,80000,80000,80000,90000,90000,81000,83667,84889
3505609,Barrinha (SP),80000,80000,80000,90000,90000,89404,90000,90000,90000,90000,90000,79000,75000,80000,75000,75000,80000,85000,85000,85000,85000
3505708,Barueri (SP),...,...,...,...,...,...,...,...,...,...,...,...,...,...,...,...,...,...,...,...,...
3505807,Bastos (SP),80000,80000,67234,68000,73201,75352,68000,68000,68000,70000,80000,80000,80000,66000,67000,66000,75000,75000,68000,70000,71000
3505906,Batatais (SP),80000,75000,83870,85000,85000,86891,85000,84915,85000,85000,78000,85000,85000,85000,74100,85000,85000,85000,85000,85000,85000
3506003,Bauru (SP),70000,70000,60000,49075,84612,87553,80000,86937,88100,88100,88100,70000,70000,70000,76482,70000,70000,70000,65000,65000,70000
3506102,Bebedouro (SP),90000,87906,85000,90000,90000,92405,89981,90000,90000,90000,90000,65000,80000,80000,70000,78000,82000,82000,65000,75000,75000
3506201,Bento de Abreu (SP),85000,78461,76206,85000,80000,84437,85000,90000,90000,80000,90000,80000,80000,75955,63000,75000,77000,77000,80000,71656,75000
3506300,Bernardino de Campos (SP),70000,80000,80000,80000,85000,79463,70000,80000,80000,80923,80000,81000,81000,80000,80000,80000,80000,80000,80000,80000,80000
3506359,Bertioga (SP),...,...,...,...,...,...,...,...,...,-,...,...,...,...,...,...,...,...,...,...,...
3506409,Bilac (SP),64000,100000,92504,84141,78343,92182,90913,91000,75594,91000,91000,85350,71000,78673,63014,64000,73000,74000,70000,70000,70000
3506508,Birigui (SP),70000,70000,80000,80000,93961,95575,80000,80000,90000,133000,108000,76330,77000,77725,70000,70000,80000,80000,80000,60000,60000
3506607,Biritiba Mirim (SP),-,-,-,-,-,-,-,-,-,-,-,-,-,-,-,-,-,-,-,-,-
3506706,Boa Esperança do Sul (SP),70000,80000,71600,69000,66240,70848,75000,75000,80000,80000,85000,85000,85000,85000,85000,80000,80000,75000,75000,78333,77000
3506805,Bocaina (SP),80000,81000,95000,90000,90000,89404,90000,90000,90000,90000,90000,90000,90000,90000,90000,80000,80000,80000,80000,75000,75000
3506904,Bofete (SP),-,-,-,-,-,-,-,-,45000,45000,45918,45000,-,70000,75000,60000,60000,80000,80000,71875,71875
3507001,Boituva (SP),70000,80000,80000,80000,80500,79475,109368,109733,108319,100000,91530,91530,-,100000,83333,100000,100000,100000,80000,73333,100000
3507100,Bom Jesus dos Perdões (SP),-,-,-,-,-,-,-,-,-,-,-,80000,-,-,-,-,-,-,-,-,-
3507159,Bom Sucesso de Itararé (SP),-,-,-,-,-,-,-,-,-,-,40000,40000,-,-,-,-,-,-,-,-,-
3507209,Borá (SP),89965,70000,62160,-,77000,99347,80000,80000,82758,77279,80000,72000,80000,94242,80000,63008,59690,56010,65000,68000,70000
3507308,Boracéia (SP),90000,67500,90000,100000,92857,98900,100000,90000,90000,90000,90000,90000,90000,90000,90000,85000,85000,85000,85000,80000,75000
3507407,Borborema (SP),80000,80000,90742,80000,80000,79474,80000,80000,90000,90000,90000,90000,90000,90000,72000,82000,90000,90000,75000,82000,82000
3507456,Borebi (SP),70000,70000,70513,71305,90000,85483,70000,80000,80000,80000,80000,80000,80000,80000,69947,69947,90000,80000,68000,68000,72500
3507506,Botucatu (SP),70000,70000,70000,70000,70000,69540,70000,70000,70000,70000,72916,70000,70000,70000,60000,70000,70000,80000,80000,79409,79409
3507605,Bragança Paulista (SP),-,-,50000,48000,48000,48666,49000,49000,50000,50000,52000,100000,100000,100000,100000,100000,80000,80000,80000,80000,80000
3507704,Braúna (SP),70000,64268,88836,67662,75000,84000,70000,80000,70000,70000,80000,80000,75000,80000,65430,68000,83170,70200,70200,62000,70000
3507753,Brejo Alegre (SP),-,-,-,-,-,99138,100000,120000,115000,120000,117360,83970,80000,80000,70000,75000,80000,80000,90000,60000,90000
3507803,Brodowski (SP),65000,65000,65000,65000,65000,64572,65000,64957,79997,65000,79994,68000,73000,73000,74100,65000,65000,65000,65000,65000,75000
3507902,Brotas (SP),82000,82000,83333,85000,85000,87280,90000,90000,90000,86000,86000,80000,80000,82552,80000,80000,82090,80000,80000,82000,75000
3508009,Buri (SP),-,-,-,-,-,-,-,-,-,-,106666,80000,-,-,-,-,-,-,-,-,-
3508108,Buritama (SP),80000,80000,88050,80000,110721,98302,104390,93000,95600,80000,80000,74780,75000,78523,69600,75000,81194,90000,80000,80000,80000
3508207,Buritizal (SP),75000,75000,75000,78000,80000,79471,85000,85000,85000,84824,85000,85000,70000,75000,75000,78000,80000,80000,80000,60000,60000
3508306,Cabrália Paulista (SP),70000,-,70000,70000,70000,69531,70000,69500,70000,70000,70000,69941,70000,70000,70000,84000,70000,55000,47312,48889,48000
3508405,Cabreúva (SP),70000,70000,60000,60000,60000,59598,80000,75000,70000,80000,80000,80000,80000,80000,70000,80000,80000,75000,60000,75000,79000
3508504,Caçapava (SP),60000,60000,60000,30000,30000,29813,90000,30000,30000,30000,30000,-,-,120000,120000,120000,100000,120000,120000,120000,120000
3508603,Cachoeira Paulista (SP),-,-,-,-,-,-,-,-,-,-,-,-,60000,60000,60000,60000,60000,60000,66000,66000,60000
3508702,Caconde (SP),90000,90000,80000,73000,73000,72486,80000,80000,80000,80000,67122,67000,80000,80000,80000,80000,80000,80000,82000,82000,80665
3508801,Cafelândia (SP),80000,80000,58555,73269,87533,89413,100000,-,90000,100000,88000,88000,-,90000,64000,65000,76572,71200,70000,63000,75001
3508900,Caiabu (SP),75004,75004,75000,88000,75021,74506,75000,75000,65500,75000,75000,70000,71000,80000,77000,75000,75000,75000,75000,75000,75000
3509007,Caieiras (SP),-,...,...,...,...,...,...,...,...,...,...,...,...,...,...,...,...,...,2000,2000,2000
3509106,Caiuá (SP),70000,70000,70000,70000,70000,79463,61000,61000,69000,69000,78000,66000,60000,65000,64000,64000,85329,64000,64000,64000,64000
3509205,Cajamar (SP),-,...,...,...,...,...,...,...,...,...,...,...,-,-,...,...,...,...,-,-,-
3509254,Cajati (SP),-,-,-,-,-,-,-,-,-,-,-,-,-,-,-,-,-,-,20000,20000,20000
3509304,Cajobi (SP),85000,79993,85000,97780,97447,89413,90000,90000,90000,90000,90000,90000,78000,90000,78000,78000,80000,80000,80000,90000,100000
3509403,Cajuru (SP),70000,70000,70000,70000,70000,69535,80000,69247,70000,70000,70000,50000,60000,60000,74100,70000,70000,67200,67154,67200,67200
3509452,Campina do Monte Alegre (SP),-,-,-,-,-,-,-,76000,75000,63094,117893,100000,85000,78000,80000,85000,85000,85000,85000,85000,-
3509502,Campinas (SP),75000,75000,68181,70000,65652,74504,89456,75000,90373,90373,...,85000,100000,100000,90000,85000,100000,95286,80000,74588,74588
3509601,Campo Limpo Paulista (SP),-,-,-,-,-,-,-,-,-,-,60000,...,-,...,...,...,...,...,...,...,...
3509700,Campos do Jordão (SP),-,-,-,-,-,-,-,-,-,-,-,-,-,-,-,-,-,-,-,-,-
3509809,Campos Novos Paulista (SP),65000,75000,83406,83400,83400,82442,100000,83333,90000,90000,90000,90000,90000,90000,64000,65000,70000,70000,69000,40000,78960
3509908,Cananéia (SP),-,-,-,-,-,-,-,-,-,-,-,-,-,-,-,-,10000,10000,10000,10000,10000
3509957,Canas (SP),...,-,-,-,-,-,-,-,-,-,-,-,-,-,-,-,-,-,-,-,-
3510005,Cândido Mota (SP),80000,80000,82000,82000,90000,80466,82000,90000,81921,88995,79050,76260,82000,85000,80000,95000,74000,80000,83000,83000,83000
3510104,Cândido Rodrigues (SP),90000,90000,90000,100000,100000,99329,100000,100000,100000,90000,90000,90000,80640,80640,60200,60200,62000,68625,80000,90000,87000
3510153,Canitar (SP),100000,40000,100000,100000,100000,99329,60000,70000,70000,70000,70000,71795,80000,86630,80000,75000,71000,71000,65000,70000,78960
3510203,Capão Bonito (SP),-,-,-,-,-,-,-,-,-,-,-,-,-,-,-,-,-,-,-,-,-
3510302,Capela do Alto (SP),80000,70000,80000,80000,80000,79463,100000,100000,100000,100000,90000,90000,90000,100000,100000,100000,90000,90000,90000,83000,89334
3510401,Capivari (SP),84003,84003,83928,70000,71478,74506,75001,75000,73894,75001,75000,75000,75000,75000,75000,75000,75000,75000,75000,70000,68000
3510500,Caraguatatuba (SP),-,...,...,...,...,...,...,...,...,...,...,...,...,-,...,-,-,-,-,-,-
3510609,Carapicuíba (SP),...,...,...,...,...,...,...,...,...,...,...,...,...,...,...,...,...,...,...,...,...
3510708,Cardoso (SP),-,-,-,-,-,-,-,120000,100000,90000,90000,58680,80000,72000,70000,87000,74000,98000,72000,76000,80000
3510807,Casa Branca (SP),75000,80000,80000,80000,80000,82146,100000,100000,100000,100000,100000,100000,98000,90000,90000,89091,89091,94091,100000,100000,94394
3510906,Cássia dos Coqueiros (SP),70000,70000,70000,70000,70000,69530,70000,64545,70000,62000,60000,54000,54000,54000,54000,54767,55000,54767,60000,60000,60000
3511003,Castilho (SP),80000,80000,80000,80000,80000,63609,90000,90000,90000,85000,90000,90000,90000,80000,70000,70000,75000,75000,75000,70281,73427
3511102,Catanduva (SP),70000,67888,86206,85000,90000,89402,80000,90000,90000,90000,90000,80000,80000,79966,73000,73000,85000,85000,85000,81000,83667
3511201,Catiguá (SP),80000,70000,84285,85000,85000,84440,75000,85000,85000,85000,85000,90000,70000,70000,56000,60000,82000,80000,85000,85000,85000
3511300,Cedral (SP),80000,80000,80000,80000,100000,79463,100000,110000,85000,80000,80000,80000,80000,80000,75000,80000,100000,100000,90000,80000,75000
3511409,Cerqueira César (SP),90000,100000,90000,90000,90000,89396,100000,100000,90000,100000,90000,90000,90000,90000,90000,75000,85000,80000,75000,80000,75000
3511508,Cerquilho (SP),80000,80000,80000,80000,90000,89396,90000,95000,95000,92000,100000,92000,112073,90000,90000,90000,95436,90000,90000,90000,90000
3511607,Cesário Lange (SP),150000,81081,82000,82000,94059,79463,90000,80000,100000,80000,95238,95238,90000,88000,50000,80000,80000,80000,80000,80000,80000
3511706,Charqueada (SP),70000,70000,70000,70000,75000,74504,75000,73000,78000,78000,78000,78000,78000,78000,54600,63717,65000,65000,65049,65316,65016
3511904,Clementina (SP),70000,100000,86150,89560,74687,92717,79053,90000,84466,90000,90000,76000,76000,76000,65430,69160,78210,65540,65540,57000,70000
3512001,Colina (SP),90000,90000,90000,90000,90000,82133,80000,80000,80000,80000,80000,75000,80000,80000,78000,78000,85000,85000,80000,81000,82000
3512100,Colômbia (SP),64000,97000,96916,97000,97000,79467,82000,80000,82000,82000,82000,80000,72000,68597,75000,75000,80000,80372,80000,80000,80000
3512209,Conchal (SP),80000,80000,90000,80000,80000,79463,81176,100000,80000,80000,82222,74026,90000,57273,51000,60377,85000,85211,85211,75000,75000
3512308,Conchas (SP),60000,60000,60000,170764,60000,49682,70000,60000,80000,70009,65000,65000,70000,70010,70010,70000,70000,70000,80000,80524,80524
3512407,Cordeirópolis (SP),60000,60000,60000,60000,60000,59607,60000,60000,60000,90000,90000,90000,90000,90000,90002,70000,110000,110000,110065,96600,91707
3512506,Coroados (SP),60000,70000,76844,80625,67265,96629,100000,85000,78250,100000,100000,77345,85000,85000,66000,90000,90000,90000,85000,70000,85000
3512605,Coronel Macedo (SP),-,-,-,-,-,-,-,-,100000,100000,120000,120000,110000,72600,120000,120000,120000,100000,80000,-,-
3512704,Corumbataí (SP),80000,80000,66850,120000,80838,93076,100000,81093,80000,72000,72000,72000,71000,75000,49680,65000,65000,65000,70000,70000,70000
3512803,Cosmópolis (SP),75000,-,74285,75000,75000,74497,74497,75000,82604,82604,...,85000,84361,87310,75000,75000,75000,75000,82000,80000,76667
3512902,Cosmorama (SP),-,-,-,-,82000,99329,100000,100000,80000,100000,100000,88692,60000,70000,70000,70000,80000,80000,80000,70000,70000
3513009,Cotia (SP),...,...,...,...,...,...,...,...,...,...,...,...,...,...,...,...,...,...,...,...,...
3513108,Cravinhos (SP),75000,75000,75000,75000,75000,82154,80000,80000,83000,80001,80000,80003,80000,80000,74100,71000,80000,71000,71000,71000,71000
3513207,Cristais Paulista (SP),-,-,-,-,-,-,90000,100000,130000,100000,100000,100000,100000,85008,67000,67000,80000,75000,85000,80000,78333
3513306,Cruzália (SP),-,100000,-,116413,105000,109318,100000,125000,127289,113000,102299,92000,85000,85000,82000,81559,75000,100000,100000,85000,90000
3513405,Cruzeiro (SP),40000,40000,40000,40000,40000,39761,39762,-,39761,40409,45000,65000,65000,65000,65000,65000,65000,65000,65000,65000,65000
3513504,Cubatão (SP),...,...,...,...,...,...,...,...,...,...,...,...,...,...,...,...,...,...,...,...,...
3513603,Cunha (SP),-,-,-,-,-,-,-,-,-,-,-,-,-,-,-,-,-,-,-,-,-
3513702,Descalvado (SP),65000,80000,82142,80000,71833,73758,85000,85000,85000,85000,85000,90280,73910,85000,65000,80000,80000,80000,80000,80000,80000
3513850,Dirce Reis (SP),-,-,-,-,-,-,-,60000,-,80000,100000,100000,80000,80000,80000,80000,80000,80000,80000,80000,80000
3513900,Divinolândia (SP),-,-,-,-,-,-,-,100000,100000,100000,100000,90000,60000,80000,80000,80000,80000,80000,-,-,-
3514007,Dobrada (SP),70000,72000,90000,90000,90000,89405,95000,95000,93739,83877,90000,90000,85918,85918,60200,90000,90000,90000,89000,90000,90000
3514106,Dois Córregos (SP),75000,75000,80000,80000,80000,81575,80000,80000,80000,80000,80000,85000,85000,85000,85000,85000,85000,85000,85000,85000,75000
3514205,Dolcinópolis (SP),-,-,-,-,-,-,-,60000,-,104000,105000,100000,100000,100000,90000,90000,90000,90000,90000,90000,90000
3514304,Dourado (SP),80000,80000,80000,71823,71823,71352,85000,80000,85000,72000,80000,88874,89985,80625,62500,65000,75000,77800,72000,72000,80000
3514403,Dracena (SP),-,-,-,-,80000,99329,110000,113468,110000,110000,90742,80000,69862,94192,58209,73134,75000,70000,70000,70000,70000
3514502,Duartina (SP),-,-,70400,70600,70800,83986,85000,84000,85000,85000,85000,84878,84878,84880,84800,82927,70000,65000,70000,74000,78959
3514601,Dumont (SP),80000,80000,80000,90000,90000,89407,90000,90000,90000,90000,90000,79000,75000,80000,80000,80000,80000,85000,85000,85000,85000
3514700,Echaporã (SP),74000,74000,75103,68993,70000,77477,78000,88000,99076,82000,74399,69750,65000,65000,65000,75487,75487,70000,60000,75000,65000
3514809,Eldorado (SP),70000,30000,-,-,-,-,-,-,-,-,-,-,-,-,-,-,-,-,-,-,-
3514908,Elias Fausto (SP),95000,69214,90476,120000,90000,87417,90000,80000,90000,90000,75000,75000,75000,90000,69000,80000,80000,76000,79000,79000,80000
3514924,Elisiário (SP),65757,70000,85000,85000,90000,89396,90000,90000,90000,90000,90000,90000,82000,90000,72000,72000,90000,90000,72000,66000,66000
3514957,Embaúba (SP),78200,78200,85000,85000,85000,82772,85000,85000,85000,85000,85000,90000,70000,90000,80000,80000,80000,80000,85000,85000,85000
3515004,Embu das Artes (SP),-,...,...,...,...,...,...,...,...,...,...,...,...,...,...,...,...,-,...,...,...
3515103,Embu-Guaçu (SP),-,...,...,...,...,...,...,...,...,...,...,...,...,...,...,-,...,...,-,-,-
3515129,Emilianópolis (SP),-,-,-,88000,87932,118680,120000,75000,74729,100000,100000,70000,71000,70000,75919,100000,100000,100000,100000,100000,100000
3515152,Engenheiro Coelho (SP),70000,70000,70000,70000,70000,89396,95000,76000,76000,90000,90000,90000,90000,90000,75000,80000,78000,85000,93000,90000,85000
3515186,Espírito Santo do Pinhal (SP),60000,60000,85000,97580,97000,89396,80000,85000,85000,80000,90000,80000,80000,80000,80000,75000,80000,59674,70000,70000,80000
3515194,Espírito Santo do Turvo (SP),47000,75000,56500,75000,56520,59597,75000,59600,75000,75000,75000,75000,80000,79630,75000,75000,70000,60000,65000,75000,78900
3515202,Estrela d'Oeste (SP),80000,80000,80000,80000,80000,79463,80000,83000,96000,69446,96000,80000,75000,75000,70000,80000,80000,80000,80000,80000,80000
3515301,Estrela do Norte (SP),-,30000,35000,60000,60000,69904,70000,70000,70000,77500,90000,70000,70600,80000,75000,90000,90000,85000,85000,85000,85000
3515350,Euclides da Cunha Paulista (SP),50000,60000,50000,50000,-,-,70000,70000,70000,-,70000,68000,100000,80000,70000,68752,64742,70000,70000,72811,69584
3515400,Fartura (SP),-,58000,-,-,-,-,-,-,-,-,-,-,-,90400,106230,96000,96000,96000,90000,85500,70000
3515509,Fernandópolis (SP),83988,83988,80000,80000,75000,69541,80000,80000,80000,70000,88888,80000,71591,75000,75000,75000,75000,75000,80000,72176,80000
3515608,Fernando Prestes (SP),100000,100000,100000,100000,90566,99329,100000,100000,100000,100000,100000,100000,105882,105882,60200,60200,70000,70000,90000,85000,85000
3515657,Fernão (SP),-,-,-,-,-,-,-,-,120000,120000,74000,80000,-,-,-,-,-,-,60000,60000,60000
3515707,Ferraz de Vasconcelos (SP),-,...,...,...,...,...,...,...,...,...,...,...,...,...,...,...,...,...,...,...,...
3515806,Flora Rica (SP),-,70000,119211,88000,85000,75927,100000,100000,100000,50000,50000,50000,70000,70000,60000,70000,60000,60000,70000,75000,75000
3515905,Floreal (SP),-,-,-,-,-,-,180000,90000,90000,90000,90000,90000,70000,70000,70000,70000,70000,90000,90000,90000,90000
3516002,Flórida Paulista (SP),70000,70000,72661,90000,90000,80090,90000,90000,90000,90000,80000,75000,70000,70000,70000,70000,70000,70000,70000,70000,70000
3516101,Florínea (SP),90000,87500,100000,110000,91353,88413,100000,95000,90000,95480,89279,90250,83000,85000,80000,88014,65000,95000,95000,110000,95000
3516200,Franca (SP),70000,80000,80000,80000,80000,79463,80000,80000,80000,80000,80000,80000,80000,80000,80000,80000,80000,80000,80000,80000,80000
3516309,Francisco Morato (SP),-,...,...,...,...,...,...,...,...,...,...,...,...,...,...,...,...,...,...,...,...
3516408,Franco da Rocha (SP),-,...,...,...,...,...,...,...,...,...,...,...,...,...,...,...,-,-,-,-,-
3516507,Gabriel Monteiro (SP),70000,89804,91711,79762,82325,88220,84717,84650,79100,83000,80008,78850,68000,79000,70000,71473,85119,77861,80000,80000,80000
3516606,Gália (SP),-,-,-,-,-,-,-,-,-,...,65000,65000,-,-,-,-,-,-,-,-,-
3516705,Garça (SP),-,-,-,-,-,-,-,-,-,-,-,-,-,-,-,-,-,-,-,-,-
3516804,Gastão Vidigal (SP),66000,-,-,-,85000,-,125000,125000,95000,125000,125000,125000,75000,75000,60000,75000,75000,75000,79444,83000,80000
3516853,Gavião Peixoto (SP),70000,70000,71600,75000,75000,74497,75000,80000,80000,81404,85000,85000,85000,85000,78000,70000,90000,80000,80000,82667,82000
3516903,General Salgado (SP),98000,64021,78081,86278,85425,85466,96410,96410,82372,80000,80000,80000,62998,69000,69000,66300,61000,65000,65000,65000,65144
3517000,Getulina (SP),80000,80000,62215,70666,74969,79272,80000,-,79810,90000,80000,80000,-,80000,70000,70000,75000,69699,75000,75000,75000
3517109,Glicério (SP),75000,75000,80010,64000,75000,79000,85000,85000,95000,95000,83000,83000,85000,85000,65430,71360,90030,72840,72840,80000,80000
3517208,Guaiçara (SP),70000,70000,71326,110234,76480,75980,76000,-,70000,100000,80000,80000,-,80000,80000,70000,90000,75000,70000,65000,70000
3517307,Guaimbê (SP),-,-,-,-,-,-,100000,-,80000,100000,100000,100000,-,100000,50000,60000,60000,52000,55000,55000,55000
3517406,Guaíra (SP),90000,80000,100377,110000,100000,102000,95000,100000,92727,87719,100000,90000,80000,90000,85000,85000,85000,85000,85000,85000,85000
3517505,Guapiaçu (SP),80000,80000,71002,71000,71000,69539,90000,90000,90000,90000,90000,90000,90000,85000,70160,80000,80000,80000,80000,80000,80000
3517604,Guapiara (SP),-,-,-,-,-,-,-,-,-,-,-,-,-,-,-,-,-,-,-,-,-
3517703,Guará (SP),68000,80000,80000,88000,80000,82132,80000,80000,85000,85000,85000,85000,85000,85000,85000,80000,80000,80000,80026,80000,80000
3517802,Guaraçaí (SP),80000,100000,99940,100000,100000,83680,90000,90000,90000,90000,90000,90000,70000,70000,70000,70000,70000,70000,70000,70000,70000
3517901,Guaraci (SP),75000,95000,75000,75000,75000,74508,85000,85000,85000,85000,85000,85000,70000,68000,75000,75000,90000,90000,80000,80000,83333
3518008,Guarani d'Oeste (SP),75000,75000,60000,65003,100000,119200,100000,80000,100000,110000,93023,80000,75000,75000,80000,80000,80000,80000,80000,72000,80000
3518107,Guarantã (SP),-,-,-,-,-,-,75000,70000,80000,120000,80000,80000,80000,75000,70000,60000,60000,60000,60000,70000,70000
3518206,Guararapes (SP),90000,81838,79733,79995,80000,85875,90000,90000,90000,90000,90000,80000,85000,77002,75000,70000,70000,68000,70017,70000,75000
3518305,Guararema (SP),-,20000,-,-,-,-,-,-,-,-,-,-,-,-,-,-,-,120000,50000,50000,50000
3518404,Guaratinguetá (SP),-,-,-,-,-,-,-,-,-,-,-,-,-,-,-,-,-,-,-,-,-
3518503,Guareí (SP),-,82644,98266,82286,82300,74497,76000,95000,100000,71428,95625,71000,80000,75349,70000,80000,65000,80000,80000,80000,80000
3518602,Guariba (SP),75000,80000,90000,90000,90000,92413,80000,90000,90000,90000,90000,85000,85644,85644,85000,85000,85000,85000,85000,85000,90000
3518701,Guarujá (SP),...,...,...,...,...,...,...,...,...,-,...,...,...,...,...,-,...,...,-,-,...
3518800,Guarulhos (SP),...,...,...,...,...,...,...,...,...,...,...,...,...,...,...,...,...,...,...,...,...
3518859,Guatapará (SP),80001,80000,80000,80000,80000,82149,80000,80000,90000,80000,80001,73001,73000,73033,74100,73001,73001,73001,73001,73001,73001
3518909,Guzolândia (SP),64006,65000,53148,104109,98274,90067,100000,70026,87816,78356,70000,70000,47063,60000,70000,66360,72000,72000,72000,65000,70000
3519006,Herculândia (SP),-,-,-,-,70000,98738,40000,80000,90000,90000,80000,85000,85000,80000,80000,75000,75000,80000,80000,75000,76667
3519055,Holambra (SP),-,80000,80000,100000,100000,99329,100000,100000,110000,110000,52000,100000,85000,85000,60000,60000,130000,130000,130000,130000,130000
3519071,Hortolândia (SP),...,60000,60000,60000,60000,59598,60000,60000,60000,60000,...,60000,60000,60000,83333,...,...,...,...,...,...
3519105,Iacanga (SP),70000,70000,70000,70000,70000,69530,85000,105844,80000,80000,80000,81300,81300,81300,76798,76798,80000,85000,80000,80000,80000
3519204,Iacri (SP),55343,55343,98628,72280,78668,91762,70000,70000,80000,80000,80000,70000,70000,70000,70000,75000,75000,68000,70000,61000,69800
3519253,Iaras (SP),-,-,-,-,80000,-,-,75000,75000,75000,120000,100000,100000,100000,100000,100000,70000,70000,70000,70000,68000
3519303,Ibaté (SP),80000,80000,93000,83553,83553,85788,84000,84000,84000,84200,84200,89714,92973,80000,60079,70000,82000,85000,85000,85000,85000
3519402,Ibirá (SP),60714,75000,75000,100000,75000,79463,110000,80000,100000,100000,100000,100000,80000,90000,80000,80000,80000,80000,80000,65000,80000
3519501,Ibirarema (SP),70000,80000,80000,85624,85000,84440,78000,90000,85000,91000,83699,72250,65000,65000,65000,65000,65000,100000,85000,85000,75000
3519600,Ibitinga (SP),60000,60000,80000,100000,100000,79475,100000,80000,85000,85000,110000,110000,100000,100000,83000,85000,95000,95000,85016,75000,82000
3519709,Ibiúna (SP),60000,60000,60000,60000,60000,59595,59595,-,59595,-,-,-,-,-,-,-,-,-,-,-,-
3519808,Icém (SP),90016,90002,90002,71983,72727,89400,90000,90000,90000,90000,90000,90000,90000,90000,90000,90000,90000,72115,55000,80000,70000
3519907,Iepê (SP),65000,80000,80000,80000,92170,91396,78000,80000,80000,80000,80000,72000,80001,62422,58500,67002,79470,75651,70079,70079,70870
3520004,Igaraçu do Tietê (SP),90000,90000,77654,90000,90000,89406,85000,88000,88000,88000,88000,88000,75000,83001,70000,86000,82000,83000,85000,75000,75000
3520103,Igarapava (SP),73000,75000,75000,75000,75000,79062,80000,80000,80000,80000,80000,80000,80000,75000,75000,75000,78000,83000,83000,69000,69000
3520202,Igaratá (SP),-,-,-,-,-,-,-,-,-,-,-,-,-,40000,-,-,-,-,-,-,-
3520301,Iguape (SP),-,-,-,-,-,-,-,-,-,-,-,-,-,-,-,-,-,-,-,-,-
3520400,Ilhabela (SP),10000,...,...,...,...,...,...,...,...,...,...,...,...,-,...,...,...,...,...,...,...
3520442,Ilha Solteira (SP),-,-,-,-,90000,94484,90000,90000,90000,90000,80153,70000,69957,75693,74000,81874,86000,85086,85000,75000,83987
3520509,Indaiatuba (SP),-,-,80000,80000,80000,79463,120000,80000,80000,82000,80000,80000,80000,80000,79000,80000,80000,80000,79000,79000,84000
3520608,Indiana (SP),-,-,-,-,-,-,-,-,90000,90909,90000,70000,70000,69870,69870,69870,69870,69870,69870,69870,75712
3520707,Indiaporã (SP),-,-,-,70000,70000,-,-,80000,80000,48000,64000,80000,80000,80000,70000,80000,80000,80000,80000,80000,80000
3520806,Inúbia Paulista (SP),90000,90000,81108,72845,73000,88269,80000,80000,80000,83000,83000,83000,73000,73000,70000,75000,78000,78000,76000,69000,70000
3520905,Ipaussu (SP),75000,75000,75000,80000,80000,79471,70000,80000,80000,80000,80000,80000,80000,80000,80000,80000,75000,75000,72000,80000,79000
3521002,Iperó (SP),60000,70000,80000,60000,70000,79463,79463,80000,80000,84175,75000,75000,-,79944,79944,79944,79944,79944,-,79943,79944
3521101,Ipeúna (SP),90000,90000,87070,81240,77197,85924,90000,80000,78000,80000,78000,78000,78000,78000,56678,63000,59850,59850,77000,77000,80000
3521150,Ipiguá (SP),100000,75000,100000,121428,115000,79521,100000,90000,80000,80000,80000,80000,80000,111538,90000,120000,90000,89271,89271,80000,90000
3521200,Iporanga (SP),-,-,-,-,-,-,-,-,-,-,100000,50000,-,50000,50000,50000,50000,50000,20000,20000,40000
3521309,Ipuã (SP),102068,80000,80000,89000,89000,82925,90000,90000,90000,90000,90000,90000,80000,80000,80000,80000,80000,80000,80000,75000,75000
3521408,Iracemápolis (SP),90000,90000,84337,90000,90000,89406,92169,85000,90000,90000,90000,85000,85000,85000,86659,85000,85000,86659,81694,85500,85667
3521507,Irapuã (SP),120000,80000,80000,80000,80000,79463,70000,80000,80000,80000,80000,80000,90000,90000,72000,80000,90000,90000,83367,90000,98000
3521606,Irapuru (SP),-,-,124900,116504,100000,77477,130000,120000,100000,110000,110000,110000,70000,75000,60000,70000,70000,70000,70000,70000,70000
3521705,Itaberá (SP),...,-,-,-,-,-,-,75000,25000,75,-,55000,99000,70000,70000,70000,-,-,-,-,-
3521804,Itaí (SP),50000,83333,100000,100000,95454,98899,80000,80000,90000,80000,80000,80000,80000,80000,70000,80000,70000,70000,45000,75000,75000
3521903,Itajobi (SP),80000,75000,70000,80000,80000,82128,70000,80000,80000,80000,80000,80000,80000,80000,70000,70000,80000,80000,90000,76000,90000
3522000,Itaju (SP),-,80000,80000,80000,104000,84446,81000,102600,80000,97000,97000,97000,75000,77817,70000,77000,77000,77000,75000,75000,75000
3522109,Itanhaém (SP),-,...,...,...,...,...,...,...,...,...,...,...,...,...,-,-,-,-,-,-,-
3522158,Itaoca (SP),-,-,-,-,-,-,-,-,-,-,30000,15000,93000,15000,-,60000,60000,60000,60000,60000,60000
3522208,Itapecerica da Serra (SP),-,...,...,...,...,...,...,...,...,...,...,...,...,...,...,...,...,-,...,...,...
3522307,Itapetininga (SP),80000,63333,86206,82254,82300,69530,80000,92000,80961,78000,79058,83500,73000,83000,78260,80000,80000,80000,80000,80000,80000
3522406,Itapeva (SP),70000,70000,70000,70000,70000,79463,100000,100000,100000,100000,20000,10000,90000,90000,-,80000,80000,80000,80000,80000,80000
3522505,Itapevi (SP),...,...,...,...,...,...,...,...,...,...,...,...,...,...,...,...,...,...,...,...,...
3522604,Itapira (SP),75000,72000,75000,100000,97206,98900,100000,90000,90000,90000,80000,85000,85000,85000,76500,66000,66000,50000,52000,60000,60000
3522653,Itapirapuã Paulista (SP),-,-,-,-,-,-,-,-,-,-,-,-,-,-,81200,60000,60000,60000,60000,60000,60000
3522703,Itápolis (SP),80000,80000,80666,80000,80000,82153,80000,80000,80000,80000,80000,80000,85000,85000,60000,60000,66000,66000,90000,90000,87000
3522802,Itaporanga (SP),-,-,-,-,-,-,-,100000,80000,-,80000,65000,70000,45000,70000,70000,-,-,70000,-,-
3522901,Itapuí (SP),90000,90000,80000,90000,90000,89406,90000,100000,100000,97000,100000,100000,85000,85000,85000,85000,85000,85000,75000,80000,75000
3523008,Itapura (SP),100000,-,-,-,-,99002,90000,90000,99946,97400,90000,110526,64785,66230,66230,80900,100000,100000,100000,80000,95000
3523107,Itaquaquecetuba (SP),60000,...,...,...,...,...,...,...,...,...,...,...,...,...,...,...,...,...,...,...,...
3523206,Itararé (SP),-,-,-,-,-,-,-,-,-,-,60000,80000,-,-,-,-,-,-,70000,70000,70000
3523305,Itariri (SP),-,-,-,...,...,...,...,...,...,...,...,...,-,-,-,-,-,-,-,-,-
3523404,Itatiba (SP),-,-,-,-,-,-,-,-,80000,80000,80000,80000,80000,80000,80000,50000,50000,50000,50000,50000,50000
3523503,Itatinga (SP),-,-,-,-,-,-,-,60000,60000,60000,61224,60000,60000,70000,90000,80000,80000,80000,80000,78511,78511
3523602,Itirapina (SP),100000,81641,64686,72939,78840,66019,67772,68181,70000,66103,71000,71000,71000,70000,49300,65000,65000,65000,70000,70000,70000
3523701,Itirapuã (SP),-,-,-,-,-,-,-,-,80000,95000,95000,100000,100000,100000,95000,100000,100000,90000,90000,83750,93333
3523800,Itobi (SP),80000,80000,80000,80000,80000,79463,80000,80000,80000,80000,80000,80000,90000,100000,100000,80000,80000,80000,80000,80556,80000
3523909,Itu (SP),84096,70000,70000,70000,70000,69530,75000,75000,70000,70000,70000,70000,70000,72000,59000,80000,70000,80000,79000,79000,79000
3524006,Itupeva (SP),70000,70000,70000,70000,70000,70677,70000,70000,70000,80000,75000,75000,75000,75000,75000,120000,120000,60000,50000,50000,50000
3524105,Ituverava (SP),68000,80000,78571,77000,90000,92412,90000,90000,90000,80000,80000,80000,85000,85000,80000,80000,85000,85000,85000,85000,85000
3524204,Jaborandi (SP),80000,80000,81333,90000,90000,92399,90000,90000,90000,90000,90000,75000,75000,75000,75000,75000,80000,75000,78000,76000,76333
3524303,Jaboticabal (SP),75000,75000,90000,90000,87804,92003,80000,90000,90000,100000,100000,85000,75000,75000,82947,80000,85000,85000,85000,85000,90000
3524402,Jacareí (SP),-,50000,-,25000,-,-,-,-,-,40000,40000,40000,40000,-,-,-,-,-,50000,50000,50000
3524501,Jaci (SP),80000,-,-,-,110000,89396,250000,140000,80000,90000,90000,90000,90000,100000,75000,90000,110000,100000,110000,90000,90000
3524600,Jacupiranga (SP),-,-,-,-,-,-,-,-,-,-,-,-,-,-,-,-,-,-,20000,30000,30000
3524709,Jaguariúna (SP),80000,70000,80000,80000,90000,99329,80000,100000,100000,100000,52000,83000,83000,83000,70000,80000,80000,80000,80000,80000,80000
3524808,Jales (SP),-,-,-,-,-,-,-,60000,-,107300,110000,90000,85000,85000,80000,80000,80000,80000,90000,90000,90000
3524907,Jambeiro (SP),60000,60000,-,-,-,-,-,-,-,-,-,-,-,-,-,-,60000,-,-,-,-
3525003,Jandira (SP),...,...,...,...,...,...,...,...,...,...,...,...,...,...,...,...,...,...,...,...,...
3525102,Jardinópolis (SP),80000,70000,80000,80000,80000,82144,80000,80035,80000,120000,89998,89999,79985,79985,74100,80000,80000,80000,80000,80000,80000
3525201,Jarinu (SP),75000,75000,75000,75000,75000,74495,75000,75000,75000,75000,70000,70000,80000,80000,80000,65000,65000,65000,65000,65000,65000
3525300,Jaú (SP),75000,81081,85000,80000,78514,81781,80000,82000,82000,82988,83000,85000,74000,78000,70000,75035,80009,78010,80000,80000,75000
3525409,Jeriquara (SP),100000,100000,100000,100000,80000,89396,90000,80000,80000,75000,75000,80000,70000,100000,60000,70000,75000,80000,80000,80000,80000
3525508,Joanópolis (SP),-,-,42000,40000,42000,40957,41000,41000,41000,41000,50000,60000,-,-,-,-,-,-,-,-,-
3525607,João Ramalho (SP),60000,80000,80000,102351,102351,88228,70000,70000,73150,80000,80000,72000,70000,72572,63000,76000,68454,70992,65871,65871,67331
3525706,José Bonifácio (SP),100000,80000,80000,80000,80000,118680,80000,100000,90000,90000,90000,90000,99048,90000,60000,60606,80000,70000,70000,70000,80000
3525805,Júlio Mesquita (SP),-,-,-,-,-,-,-,100000,50000,50000,-,80000,60000,59314,70000,80000,60000,70000,70000,-,-
3525854,Jumirim (SP),100000,100000,100000,100000,100000,99328,80000,80000,100000,75000,65000,65000,80000,100000,100000,100000,100000,100000,100000,75000,100000
3525904,Jundiaí (SP),-,-,50000,50000,50000,49666,50000,50000,50000,-,60000,-,-,-,-,-,-,-,-,-,-
3526001,Junqueirópolis (SP),50000,50000,58444,58000,70000,69539,85000,79957,85200,85200,80000,85000,75600,70000,52884,70000,65000,70000,70000,65000,65000
3526100,Juquiá (SP),-,-,-,-,-,-,-,-,-,-,-,-,-,-,-,-,-,-,-,-,-
3526209,Juquitiba (SP),-,...,...,...,...,...,...,...,...,...,...,...,...,...,...,...,...,-,...,...,...
3526308,Lagoinha (SP),-,-,-,-,-,-,-,24000,-,-,70000,70000,-,-,-,-,60000,88000,49000,25000,-
3526407,Laranjal Paulista (SP),70000,-,80000,90000,80000,79463,90000,90000,85000,90000,100000,90000,90000,90000,...,-,100000,100000,100000,73000,73000
3526506,Lavínia (SP),85000,-,75000,75000,75000,83999,75000,80000,80000,80000,84615,80000,80000,80000,70000,70000,80000,80000,80000,80000,80000
3526605,Lavrinhas (SP),-,-,-,-,-,-,-,-,-,-,-,-,-,-,-,-,-,-,-,-,-
3526704,Leme (SP),75000,85000,92180,87890,88000,95492,90000,90000,90000,106000,63930,80000,71000,80000,60000,90000,90015,90015,90015,92700,92700
3526803,Lençóis Paulista (SP),60000,75000,75303,75000,71429,78712,72000,72000,75000,75000,75000,79000,79000,79000,73374,80000,80000,85940,76000,76000,70000
3526902,Limeira (SP),70000,70000,70000,70000,70000,71879,70000,70000,70000,70000,80000,80000,80000,83000,64958,72698,80000,80000,80576,79200,79067
3527009,Lindóia (SP),70000,52500,52500,70000,70000,79476,70000,60000,80000,80000,52000,70000,70000,70000,50000,50000,100000,100000,100000,100000,100000
3527108,Lins (SP),80000,73617,76932,78206,83950,71524,74167,63000,90000,100000,75000,75000,-,83000,75000,80000,83000,76000,82000,75000,70000
3527207,Lorena (SP),...,-,-,-,-,-,-,-,-,-,-,-,-,-,-,-,-,-,-,-,-
3527256,Lourdes (SP),118333,80000,117704,114299,84187,81185,114000,114000,102000,102000,113952,73540,73500,73500,62000,70000,79800,63000,72000,70000,78000
3527306,Louveira (SP),-,-,-,-,-,-,-,-,-,...,-,50000,60000,50000,55000,55000,55000,55000,55000,55000,55000
3527405,Lucélia (SP),70000,70000,79688,79810,80000,80464,87000,87000,87000,86986,87000,80000,63000,77000,64000,75000,75000,75000,68000,68000,70000
3527504,Lucianópolis (SP),-,-,-,-,-,79719,100000,80000,80000,80000,80000,80000,80000,76923,60000,74323,75000,75000,72000,75000,76000
3527603,Luís Antônio (SP),68000,70000,68548,70000,72258,77007,90000,91778,95000,94803,90000,80000,72974,85404,74100,85000,72000,85000,85000,85000,85000
3527702,Luiziânia (SP),70000,62500,70000,70023,96000,79000,90000,90000,75000,75000,80000,75000,80000,70000,65430,62720,75790,68330,68330,70000,70000
3527801,Lupércio (SP),-,-,-,-,-,-,-,-,-,-,-,-,-,-,-,-,-,-,-,-,-
3527900,Lutécia (SP),50000,60000,60000,75774,75774,74495,63000,70000,90097,70000,70000,63000,70000,89713,63000,68000,61000,81000,80467,70489,70000
3528007,Macatuba (SP),69998,70000,79567,77078,77000,78551,90000,90000,90000,90000,90000,78000,78000,78000,90000,90000,90000,90000,86000,86000,84000
3528106,Macaubal (SP),-,130000,100000,100000,100000,98899,120000,90000,90000,90000,90000,90000,80000,95625,80000,70000,70000,70000,70000,80000,80000
3528205,Macedônia (SP),-,-,-,-,70000,-,-,43636,100000,59523,117647,80000,75000,75000,70000,70000,70000,80000,80000,77538,80000
3528304,Magda (SP),65000,70000,54883,82059,84395,89951,85000,85000,74755,81744,85000,85000,62295,62300,69000,75131,76000,75000,75000,75000,65000
3528403,Mairinque (SP),-,60000,60000,60000,60000,69523,60000,-,69523,-,-,-,-,-,-,-,-,-,-,-,-
3528502,Mairiporã (SP),-,...,...,...,...,...,...,...,...,...,...,...,...,...,...,...,...,...,...,...,...
3528601,Manduri (SP),-,-,80000,82000,82000,79462,100000,80000,81000,80771,81000,81000,81000,90476,88000,94000,94000,94000,94000,85540,85540
3528700,Marabá Paulista (SP),60000,-,70000,70000,70000,79464,83000,83000,80000,80000,74000,74000,66000,70000,75000,76989,71820,70000,70000,72273,72273
3528809,Maracaí (SP),70000,90000,90000,80221,85000,92413,81395,85000,84617,87959,83699,74400,74971,75000,73000,75000,75000,87000,90000,90000,90000
3528858,Marapoama (SP),90000,70000,62796,80000,80000,79463,70000,80000,80000,80000,80000,80000,90000,90000,72000,90000,85653,90000,90000,90000,90000
3528908,Mariápolis (SP),-,-,-,-,-,77923,120000,70000,70000,80000,80000,88000,60000,60000,60000,70000,70000,70000,70000,70000,70000
3529005,Marília (SP),-,-,-,-,-,-,-,70000,70000,70000,80000,70000,70000,55000,40000,35000,35000,80000,80000,77500,64167
3529104,Marinópolis (SP),-,-,-,-,-,-,-,-,-,-,-,-,-,110000,90000,90000,90000,90000,80000,80000,80000
3529203,Martinópolis (SP),60000,-,60000,100000,100000,89407,90000,90000,90000,90000,90000,70000,70600,73651,77000,88891,84000,84000,87361,87361,85494
3529302,Matão (SP),70000,-,71600,68000,72270,71790,70000,80000,80000,...,100137,100138,70000,70000,75000,67500,80000,80000,95238,80000,72727
3529401,Mauá (SP),...,...,...,...,...,...,...,...,...,...,...,...,...,...,...,-,-,...,...,...,...
3529500,Mendonça (SP),70000,-,70000,70000,70000,79463,90000,90000,90000,90000,90000,90000,86842,90000,80000,85000,85000,85000,90000,80000,80000
3529609,Meridiano (SP),80000,-,60000,60000,60000,60000,100000,80000,80000,80000,82352,70000,60000,75000,75000,69231,75000,74525,75000,62000,70000
3529658,Mesópolis (SP),-,-,-,-,-,-,-,-,90000,139500,130000,110000,80000,69206,65000,80000,65000,72000,72000,71982,72000
3529708,Miguelópolis (SP),100000,93750,100000,100000,93750,102225,100742,100000,90000,90000,90000,90000,90700,90715,90036,80071,90000,90036,90036,90000,90000
3529807,Mineiros do Tietê (SP),90000,80000,79090,80000,80000,79470,80000,80000,80000,80000,80000,80000,67000,83784,70000,83000,83000,80000,76000,80000,75000
3529906,Miracatu (SP),-,-,-,-,-,-,-,-,...,-,-,...,-,-,-,-,-,-,-,-,-
3530003,Mira Estrela (SP),-,-,-,-,-,-,-,80000,70000,53333,80000,80000,80000,85000,80000,85714,80000,80000,80000,80000,80000
3530102,Mirandópolis (SP),85000,-,78010,78000,80000,78503,78000,78000,78000,78000,78000,78007,80000,78000,70000,78000,78000,70000,73683,74333,76778
3530201,Mirante do Paranapanema (SP),-,-,60000,-,-,69533,90000,80000,99667,99667,100000,71000,66000,62000,66000,74874,76999,65862,65862,68912,75000
3530300,Mirassol (SP),80000,60000,80000,80000,80000,79464,80000,90000,80000,80000,80000,80000,82857,90000,80000,85000,85000,85000,85000,85000,85000
3530409,Mirassolândia (SP),-,-,-,80000,80000,79513,100000,80000,80000,80000,80000,70000,80000,80000,73708,80000,80000,90000,70000,75000,70000
3530508,Mococa (SP),80000,70000,80000,75500,75500,75003,80000,80000,85000,85000,80000,85000,90000,90000,90000,92500,92500,92500,92500,80000,92500
3530607,Mogi das Cruzes (SP),-,-,-,-,-,-,-,...,-,-,-,-,-,-,-,-,-,-,-,-,-
3530706,Mogi Guaçu (SP),82000,80000,80000,80000,90000,79473,80075,80000,100000,100000,100000,100000,85000,100000,80000,80000,70000,80000,70000,50000,70000
3530805,Mogi Mirim (SP),80000,80000,80000,76909,90000,89396,90000,90000,90000,90000,85000,75000,75000,85000,70000,75000,85000,85000,83500,50000,70000
3530904,Mombuca (SP),65000,65000,70000,70000,63636,69530,65000,65000,65000,80000,84210,72000,68000,68000,50400,64800,65000,65000,67000,67000,65667
3531001,Monções (SP),...,-,100000,-,-,-,83333,83500,110900,95000,90000,89000,89000,89000,64000,90000,81000,90000,71810,71810,73000
3531100,Mongaguá (SP),-,...,...,...,...,...,...,...,...,...,...,...,...,...,...,...,...,...,...,...,...
3531209,Monte Alegre do Sul (SP),60000,80000,-,-,-,-,50000,100000,100000,100000,52000,70000,50000,50000,50000,40000,55000,60000,60000,60000,60000
3531308,Monte Alto (SP),75000,75000,80000,80000,77657,89402,80000,80000,90000,90000,90000,90000,90000,90000,63000,63000,70000,80000,90000,90000,87000
3531407,Monte Aprazível (SP),50000,75000,100000,70000,70000,69538,88000,90000,90000,90000,90000,90000,80000,80000,70000,70000,70000,80000,70000,80000,80000
3531506,Monte Azul Paulista (SP),85000,85000,84782,85000,94000,92388,90000,90000,94000,90000,90000,71000,80000,80000,75000,75000,80000,85000,75000,73000,70000
3531605,Monte Castelo (SP),-,-,-,-,-,-,85000,85000,82632,82632,80000,80000,70097,70536,55516,74989,75257,75000,70000,70000,70000
3531704,Monteiro Lobato (SP),-,-,-,-,-,-,-,-,-,-,-,-,-,-,-,-,60000,-,-,-,...
3531803,Monte Mor (SP),-,60000,91666,100000,65000,64564,80000,70000,70000,70000,...,70000,63000,80002,80000,71429,114286,100000,97670,97670,104762
3531902,Morro Agudo (SP),70000,80000,100000,90000,88000,90474,82000,82000,90000,82000,82000,82000,82180,82182,70000,80000,82000,82000,82000,77000,77000
3532009,Morungaba (SP),-,-,-,-,-,-,-,-,-,-,100000,100000,85000,85000,60000,60000,60000,60000,60000,60000,60000
3532058,Motuca (SP),72000,72000,71600,71000,76150,78297,78298,80000,90000,90000,97464,97465,70000,70000,70000,85000,80000,85000,85000,83333,83000
3532108,Murutinga do Sul (SP),-,-,70000,-,-,111217,80000,100000,100000,100000,100000,100000,100000,100000,100000,70000,70000,70000,70000,90000,73333
3532157,Nantes (SP),64000,85000,64000,85000,85000,84430,85000,65000,85000,85000,85000,76000,85000,69214,76500,80004,90460,80890,65800,65800,80017
3532207,Narandiba (SP),-,70000,70000,100000,100000,89396,90000,90000,90000,90000,90000,70000,70600,70000,80000,90000,80000,70000,89999,89999,83332
3532306,Natividade da Serra (SP),30000,30000,-,-,-,57150,90000,86400,57150,57150,90000,90000,-,60000,70000,-,-,-,-,-,-
3532405,Nazaré Paulista (SP),30000,-,45000,46000,45000,44405,45000,45000,45000,45000,54000,80000,70000,70000,70000,70000,95000,95000,95000,85000,85000
3532504,Neves Paulista (SP),60000,80000,80000,80000,80000,79462,80000,80000,80000,90000,90000,90000,80000,80000,70000,70000,80000,80000,80000,80000,80000
3532603,Nhandeara (SP),60000,60000,70000,80000,80000,79463,80000,90000,90000,90000,90000,90000,90000,80000,70000,75000,75000,90000,80000,80000,80000
3532702,Nipoã (SP),80000,80000,80000,80000,80000,79476,80000,80000,80000,90000,90000,90000,80000,77714,80000,80000,80000,80000,80000,70000,70000
3532801,Nova Aliança (SP),-,-,80000,80000,100000,118680,123333,120000,90000,90000,90000,90000,90000,80000,75000,80000,90000,90000,90341,80000,80000
3532827,Nova Campina (SP),-,-,-,-,-,-,-,-,-,-,-,50000,-,-,-,-,-,-,-,-,75000
3532843,Nova Canaã Paulista (SP),-,-,-,-,-,-,-,100000,100000,150000,120000,120000,80000,80000,60000,90000,90000,90000,90000,85000,85000
3532868,Nova Castilho (SP),70000,10000,86553,65934,100000,94214,120000,100000,72000,100000,90000,78261,65675,75117,65000,60734,61000,61000,61000,75000,65000
3532900,Nova Europa (SP),80000,80000,71600,71600,90000,89409,89410,80000,85000,85000,94182,94183,90000,90000,90000,75000,85000,72250,68000,81667,89014
3533007,Nova Granada (SP),70000,70000,90000,90000,90000,89396,75000,90000,100000,100000,85000,85000,85000,85000,80000,85000,72000,70000,70000,80000,75000
3533106,Nova Guataporanga (SP),-,-,-,-,90000,99328,95000,100000,100000,100000,100000,100000,74324,75000,61111,65763,75000,73000,70000,65000,65000
3533205,Nova Independência (SP),-,-,-,-,-,119423,110000,110000,110000,110000,90000,90000,77000,80000,62000,62523,70000,70000,70000,68000,69333
3533254,Novais (SP),80000,80000,85000,85000,85000,84439,70000,85000,85000,85000,85000,85000,75000,75000,70000,70000,70000,75000,75000,75000,80000
3533304,Nova Luzitânia (SP),100000,85000,80000,85000,85000,77907,85000,85020,85000,80000,81000,75000,80000,80000,60000,70000,67206,59071,67094,68000,72000
3533403,Nova Odessa (SP),60000,60000,60000,60000,60000,59597,60000,60000,60000,85000,...,60000,60000,75000,75000,67000,67778,67778,71111,70000,-
3533502,Novo Horizonte (SP),80000,78712,79629,80000,80000,82142,90000,80000,90000,90000,90000,90000,90000,90000,80000,90000,90000,90000,74988,70000,84000
3533601,Nuporanga (SP),80000,80000,80903,80000,80000,77019,80000,80000,80000,80000,80000,80000,80000,80000,80000,80000,80000,80000,80000,80000,80000
3533700,Ocauçu (SP),-,-,-,-,-,-,-,100000,100000,100000,92500,100000,70000,80000,100000,100000,100000,100000,100000,75000,100000
3533809,Óleo (SP),80000,90000,81000,85000,85000,79462,75000,80000,80000,80000,80000,81500,81500,90000,90000,90000,90000,90000,85000,85000,85000
3533908,Olímpia (SP),70000,72727,90000,90000,88163,90528,90000,90000,90000,90000,85000,75000,70000,85714,80000,75000,75000,80000,75000,75000,75000
3534005,Onda Verde (SP),70000,80000,80000,80000,80000,79463,85000,80000,85000,85000,80000,79000,80000,83000,85000,70000,82892,83000,70550,75000,75000
3534104,Oriente (SP),-,-,-,-,-,-,-,-,80000,80000,80000,80000,70218,80000,80000,80000,80000,80000,80000,80000,80000
3534203,Orindiúva (SP),62000,83000,86000,72000,72000,71521,80000,90000,85000,85000,80000,80000,80000,80000,80000,75000,75000,60000,61233,70000,77000
3534302,Orlândia (SP),65000,75001,82352,68000,90000,92410,90000,92000,92000,90000,90000,90000,80000,85000,75000,70000,80000,80000,80000,72000,72000
3534401,Osasco (SP),...,...,...,...,...,...,...,...,...,...,...,...,...,...,...,...,...,...,...,...,...
3534500,Oscar Bressane (SP),-,-,-,-,-,-,-,84000,84008,110000,110000,99000,87722,50000,50000,65000,110000,87000,65000,65000,72333
3534609,Osvaldo Cruz (SP),100000,90000,80000,86971,85000,75606,90000,90000,90000,100000,100000,100000,70000,70000,70000,70000,70000,70000,70000,70000,70000
3534708,Ourinhos (SP),85000,85000,85000,85100,77363,85431,100000,84000,100000,100000,100000,100000,85000,75522,86000,76000,81000,80000,67000,80000,79138
3534757,Ouroeste (SP),75000,75000,75000,75000,75000,74497,75000,75000,75000,44117,83333,75000,75000,75000,75000,75000,75000,76960,75000,75000,75000
3534807,Ouro Verde (SP),-,-,-,-,80000,84429,80000,87517,84200,84200,80000,80000,77369,77369,60000,65000,80000,70000,69000,70000,70000
3534906,Pacaembu (SP),-,-,80474,41880,87000,77486,120000,120000,90000,100000,110000,82000,60000,75000,60000,70000,70000,70000,70000,70000,70000
3535002,Palestina (SP),100000,70000,100000,80000,80000,79464,100000,80000,80000,80000,80000,80000,80000,80000,80000,80000,90000,106061,63618,75000,80000
3535101,Palmares Paulista (SP),75000,70000,85000,85000,85000,84443,70000,85000,85000,85000,85000,80000,70000,80000,56000,70000,75000,85000,85000,64000,76667
3535200,Palmeira d'Oeste (SP),-,-,-,-,-,-,-,60000,-,60000,60000,90000,90000,85000,70000,70000,70000,70000,70000,80000,80000
3535309,Palmital (SP),60000,85000,85000,98046,97454,89404,85000,100000,98131,98139,93000,72250,70000,70000,68000,68000,75000,75000,80000,80000,80000
3535408,Panorama (SP),-,-,-,-,-,-,-,-,-,-,100000,98246,70000,75000,50000,76300,75000,70000,70000,70000,70000
3535507,Paraguaçu Paulista (SP),65000,65000,65000,74968,74968,76668,80000,80000,82000,80000,82000,73800,81416,84840,70413,71251,73449,72451,76421,75000,72000
3535606,Paraibuna (SP),-,70000,30000,80000,30000,49821,70000,30000,30000,30000,30000,-,-,-,-,-,40000,-,-,-,...
3535705,Paraíso (SP),70000,75000,87500,85000,85000,84439,60000,85000,85000,85000,85000,80000,80000,80000,70000,83189,80500,80500,80500,80500,80500
3535804,Paranapanema (SP),69117,82901,50000,50000,50000,49663,100000,50000,50000,100000,80000,80000,80000,80000,80000,88500,88500,88500,70000,80000,77500
3535903,Paranapuã (SP),-,90000,90000,120967,100000,89380,90000,60000,90000,70000,110000,120000,100000,97000,90000,100000,85000,90000,90000,90000,90000
3536000,Parapuã (SP),80000,80000,65114,69399,70069,72890,70000,70000,70000,70000,80000,80000,70000,63500,73000,70000,75000,90000,85000,72000,80000
3536109,Pardinho (SP),-,-,-,-,-,-,-,-,60000,70000,71428,70000,-,70000,70000,70000,70000,70000,70000,61333,61333
3536208,Pariquera-Açu (SP),...,-,60000,-,-,11955,70000,-,12000,11000,50000,50000,70000,70000,70000,-,50000,50000,50000,50000,50000
3536257,Parisi (SP),-,-,-,-,-,-,-,120000,110000,80000,80384,74450,80000,80000,80000,80000,80000,80000,80000,80000,70000
3536307,Patrocínio Paulista (SP),80000,90000,90000,90000,82968,89410,90000,110000,100000,100000,100000,100000,87000,85000,75000,80000,80000,80000,80000,80000,80000
3536406,Paulicéia (SP),-,-,-,-,-,-,-,95000,100000,100000,95000,92611,67000,80000,66821,69995,75000,69106,65000,65000,62000
3536505,Paulínia (SP),-,-,70588,70000,70000,70000,70000,75001,70000,...,...,...,82857,82857,82857,82857,82857,91429,91429,91429,...
3536570,Paulistânia (SP),60000,60000,83000,60000,60000,58888,70000,58887,58887,58604,58887,65000,65000,65000,93105,93105,62500,62500,70000,70000,70000
3536604,Paulo de Faria (SP),83000,83333,85000,85000,85000,87282,85000,90000,85000,85000,85000,85000,85000,85000,85000,85000,80000,83784,90000,78000,85000
3536703,Pederneiras (SP),75000,77500,75000,76957,75000,79065,80000,80000,80000,80000,80000,80000,80000,80000,71018,82000,80000,89000,85000,85000,90000
3536802,Pedra Bela (SP),-,-,-,-,-,-,-,-,40000,40000,51000,51000,51000,51000,51000,80000,80000,80000,90000,85000,85000
3536901,Pedranópolis (SP),65000,80000,71111,35516,60000,59596,75000,75000,75000,65625,88235,80000,73000,75000,70000,70000,75000,75000,70000,75000,80000
3537008,Pedregulho (SP),80000,80000,80000,80000,80000,79463,80000,80000,80000,82000,82000,78000,62826,80000,65000,65000,80000,80000,80000,75000,80000
3537107,Pedreira (SP),60000,60000,60000,60000,60000,60548,60000,60000,60000,80000,52000,90000,85000,60000,60000,60000,-,-,-,-,-
3537156,Pedrinhas Paulista (SP),-,-,-,87889,87705,98900,100000,115000,127048,102000,93000,84600,90000,85000,85000,81098,75000,85000,90000,85000,100000
3537206,Pedro de Toledo (SP),-,...,-,...,...,...,...,...,...,...,...,...,-,-,-,-,-,-,-,-,-
3537305,Penápolis (SP),70000,70000,70000,60000,75000,76490,71429,75000,80000,80000,80000,65000,75000,70000,65430,52050,70780,66280,66280,65000,70000
3537404,Pereira Barreto (SP),100000,90000,91047,56932,90000,74773,90000,90000,90000,92856,92000,92000,68807,76070,57204,75050,78000,70000,60000,70000,70017
3537503,Pereiras (SP),80000,80000,80000,80000,80000,71615,72000,80000,72000,...,80000,65000,65000,84286,82000,82000,82000,82000,-,72400,82000
3537602,Peruíbe (SP),50000,...,...,...,...,...,...,...,...,...,...,...,...,...,-,-,-,-,-,-,-
3537701,Piacatu (SP),80000,80000,83333,95446,84364,87453,100015,100000,77889,120000,120011,78750,79000,71777,70000,80000,80000,80000,70000,70000,70000
3537800,Piedade (SP),60000,60000,60000,60000,60000,50134,50000,50000,50134,50000,50000,-,-,-,-,-,-,-,-,-,-
3537909,Pilar do Sul (SP),60000,70000,-,-,-,-,-,-,-,-,60000,-,-,-,-,-,-,-,-,-,-
3538006,Pindamonhangaba (SP),60000,60000,60000,60000,60000,60000,70000,60000,60000,60000,60000,60000,60000,60000,-,-,-,-,-,-,-
3538105,Pindorama (SP),60000,70000,85000,85000,85000,84442,70000,85000,85000,85000,85000,70000,70000,70000,70000,80000,90000,85000,85000,75000,80000
3538204,Pinhalzinho (SP),-,-,-,-,-,-,-,-,-,-,51000,51000,-,-,-,-,-,-,70000,100000,100000
3538303,Piquerobi (SP),-,-,-,-,-,79462,79830,80000,100000,100000,93959,78000,70000,70000,50000,50412,50000,50000,50000,50000,50000
3538501,Piquete (SP),-,-,-,-,-,-,-,-,-,-,-,-,-,...,...,-,-,...,-,-,-
3538600,Piracaia (SP),-,31278,40000,40000,45000,44704,30000,45000,45000,45000,52000,52000,52000,52000,50000,50000,50000,50000,50000,50000,50000
3538709,Piracicaba (SP),75000,78000,78000,80000,78048,81778,80000,80000,80000,80000,80000,82000,80000,80000,56000,65000,65000,65000,67000,65000,65000
3538808,Piraju (SP),-,100000,80000,80000,82000,79578,100000,80000,80000,80000,80000,81700,82000,91000,70000,70000,75000,75000,80000,80000,80000
3538907,Pirajuí (SP),70000,70000,70000,49000,51748,74844,70000,80000,80000,80000,80000,75000,75000,75000,69138,69138,75000,75000,90000,90000,80000
3539004,Pirangi (SP),80000,80000,80000,80000,90000,89396,90000,90000,80000,80000,80000,80000,80000,80000,68000,75000,80000,82000,70000,70000,80000
3539103,Pirapora do Bom Jesus (SP),...,40000,...,...,...,...,...,...,...,...,...,...,...,...,...,...,...,...,...,...,...
3539202,Pirapozinho (SP),80000,70000,70000,70000,70000,69530,70000,70000,70000,80000,80000,70000,70646,70000,79998,80000,80000,77778,80000,80000,80000
3539301,Pirassununga (SP),85000,80000,70074,65000,80000,93224,85000,85000,85000,85000,85000,85000,83023,90000,70000,80000,85000,85000,80000,90000,90000
3539400,Piratininga (SP),-,80000,45000,45000,45000,44690,44690,80000,67857,67857,67857,70000,70000,70000,66667,66667,66667,85000,75000,75000,70000
3539509,Pitangueiras (SP),75748,90000,90000,90000,89718,86890,85000,86328,75000,90000,100000,90000,80000,85000,75000,80000,85000,85000,85000,85000,85000
3539608,Planalto (SP),80000,80000,80000,90000,90000,89396,90000,90000,90000,90000,90000,88375,80000,80454,62500,78000,76862,80000,76900,70000,60000
3539707,Platina (SP),70000,90000,90000,79071,80000,89399,81000,81000,80000,86000,79049,70400,65000,70000,66000,66000,66000,85000,73000,73000,80000
3539806,Poá (SP),-,...,...,...,...,...,...,...,...,...,...,...,...,...,...,...,...,...,...,...,...
3539905,Poloni (SP),70000,70000,70000,70000,70000,69530,70000,90000,90000,90000,90000,90000,80000,80000,70000,70000,70000,70000,70000,70000,75000
3540002,Pompéia (SP),-,-,-,-,-,69564,80000,100000,100000,100000,100000,100000,70000,100000,80000,80000,90000,80000,80000,80000,80000
3540101,Pongaí (SP),80000,-,-,-,-,-,-,100000,100000,100000,100000,100000,-,100000,100000,80000,100000,100000,80000,70000,86947
3540200,Pontal (SP),70000,70000,80000,80000,74893,82139,80000,80000,80000,80000,80000,80000,75000,75000,75000,80000,80000,80000,85000,85000,85000
3540259,Pontalinda (SP),90000,30000,60000,91538,90000,79462,80000,72500,90000,89400,96000,100000,80000,88016,80000,100000,100000,100000,100000,100000,100000
3540309,Pontes Gestal (SP),-,-,-,-,-,99329,100000,150000,100000,100000,89180,71627,72000,72000,61000,66000,78000,78000,72000,72000,72000
3540408,Populina (SP),-,80000,80000,75464,80000,79523,100000,96428,90000,98700,96000,100000,96190,90000,80000,80000,80000,80000,80000,80000,80000
3540507,Porangaba (SP),-,-,80000,-,-,-,50000,40000,50000,80000,50000,50000,-,77934,77934,100000,90000,90000,90000,85532,88511
3540606,Porto Feliz (SP),70000,80000,70000,70000,70000,69535,70066,85000,80000,80000,80000,80000,80000,80000,55000,80000,80000,80000,79000,80000,79000
3540705,Porto Ferreira (SP),60000,60000,60000,72857,87500,99329,100000,100000,100000,100000,100000,90000,80000,85000,65000,65000,65000,60000,90000,90000,100000
3540754,Potim (SP),-,-,...,-,-,-,-,-,-,-,-,-,-,-,-,-,-,-,-,-,-
3540804,Potirendaba (SP),100000,100000,75000,75000,80000,110445,100000,100000,90000,90000,90000,90000,85000,85000,79000,80000,80000,100000,90000,83333,80000
3540853,Pracinha (SP),60000,80000,89642,86514,75000,74529,70000,70000,70000,70000,70000,70000,60000,70000,70000,70000,70000,70000,70000,70000,70000
3540903,Pradópolis (SP),70000,70000,70000,70000,70000,69537,70000,70000,85000,85000,85000,79000,73000,79000,55000,75000,85000,85000,85000,85000,85000
3541000,Praia Grande (SP),...,...,...,...,...,...,...,...,...,...,...,...,...,...,...,...,...,...,...,...,...
3541059,Pratânia (SP),77996,80000,77597,80003,80000,79481,80000,80000,80000,70000,83333,80000,80000,80000,70000,70000,70000,85000,84639,85119,85119
3541109,Presidente Alves (SP),78000,78000,72000,72552,72644,81405,80000,81405,81405,81405,81404,75000,75000,75000,69282,69282,80000,76246,80000,80000,72000
3541208,Presidente Bernardes (SP),80000,55000,70000,35000,80000,59597,100000,-,70000,86956,88000,70000,70600,70000,77000,54000,75000,75000,75000,75000,75000
3541307,Presidente Epitácio (SP),-,-,-,-,-,-,70000,70000,70000,-,60000,66000,70000,70000,65000,68136,71865,70000,69630,83554,70498
3541406,Presidente Prudente (SP),70000,70000,70000,88000,80000,79469,80000,80000,90000,60000,80000,70000,71600,66000,62300,64761,71698,79800,79800,79800,80000
3541505,Presidente Venceslau (SP),-,-,-,70000,70000,79463,63000,63000,72000,72000,72000,64000,70000,70000,70000,60932,57345,60000,70000,72907,70000
3541604,Promissão (SP),70000,70000,76111,79765,80000,80000,75000,75000,80000,...,80000,80000,80000,80000,65430,59580,83360,67550,66090,65000,65000
3541653,Quadra (SP),80000,80000,80000,81000,81000,79463,145000,100000,100000,100000,90000,90000,-,100000,100000,100000,90000,90000,90000,84066,90000
3541703,Quatá (SP),50000,65000,70000,76429,73660,83359,70000,70000,70000,70000,70000,67500,76976,81537,75021,72170,83104,74185,62498,62498,73356
3541802,Queiroz (SP),-,-,-,-,70000,102167,102000,102000,102000,102000,80000,120000,20819,104000,80760,75000,78000,75000,79000,75000,75000
3541901,Queluz (SP),-,-,50000,50000,50000,54455,80000,13000,54455,55000,55000,61000,61000,61000,61000,61000,61000,61000,61000,61000,61000
3542008,Quintana (SP),-,-,-,-,70000,99271,100000,100000,100000,100000,80000,90000,80000,90000,90000,70500,79000,87000,65800,75000,70000
3542107,Rafard (SP),68000,68000,68000,70000,70000,67546,67578,68000,68000,67861,75000,75000,75000,85411,85411,70000,70000,70000,70000,70000,70000
3542206,Rancharia (SP),60000,60000,60000,81066,81066,80467,80000,80000,82272,80000,85000,76000,85000,84636,76500,80001,77268,69272,58044,58044,73382
3542305,Redenção da Serra (SP),-,-,-,-,-,-,-,70000,-,...,70000,70000,-,45000,...,-,60000,67500,-,70000,70000
3542404,Regente Feijó (SP),65000,65000,65000,65000,65000,64564,65000,65000,70000,65000,65000,70000,71000,80000,77000,90000,80000,90000,80800,80800,83600
3542503,Reginópolis (SP),70000,80000,65000,77000,80000,79455,80000,80000,80000,80000,80000,76300,76300,70000,77778,70000,83333,80000,80000,80000,75000
3542602,Registro (SP),-,-,-,-,-,-,-,-,-,50000,-,-,43000,43000,43000,34286,35000,35000,35000,90000,90000
3542701,Restinga (SP),80000,80000,80000,80000,76666,79470,80000,80000,80000,80000,80000,80000,80000,80000,75000,80000,80000,80000,80000,80000,80000
3542800,Ribeira (SP),-,-,80000,70000,70000,50000,75000,75000,75000,75000,75000,75000,-,-,60000,60000,75000,75000,75000,75000,75000
3542909,Ribeirão Bonito (SP),60000,70000,80240,76038,76038,78076,70000,70000,70000,82000,82000,88055,80000,79000,52000,83269,68000,73500,72000,72000,78000
3543006,Ribeirão Branco (SP),-,-,-,-,-,-,-,-,-,-,-,70000,-,-,-,-,-,-,-,-,-
3543105,Ribeirão Corrente (SP),110000,110000,110000,140000,100000,118679,100000,100000,100000,100000,100000,90000,75000,75000,65000,70000,75000,75000,75000,73333,80000
3543204,Ribeirão do Sul (SP),80000,110000,72727,72700,72705,84430,85000,85000,90000,90000,90000,90000,80000,83636,80000,84000,85000,75000,80000,85000,78900
3543238,Ribeirão dos Índios (SP),70000,-,-,-,-,98900,100000,90000,100000,65000,80000,70000,70000,70000,70000,70000,70000,70000,49000,73615,70000
3543253,Ribeirão Grande (SP),-,-,-,-,-,-,-,-,-,-,-,-,-,-,-,-,-,-,-,60000,60000
3543303,Ribeirão Pires (SP),...,...,...,...,...,...,...,...,...,...,...,...,...,...,...,-,-,...,...,...,...
3543402,Ribeirão Preto (SP),70000,70000,73333,70000,70000,72438,70000,70000,85000,85000,85026,75000,74992,74992,74100,75000,78081,75000,75000,75000,84997
3543501,Riversul (SP),-,-,-,-,-,-,-,100000,100000,100000,100000,100000,100000,70000,70000,70000,70000,70000,70000,70000,70000
3543600,Rifaina (SP),-,80000,80000,80000,80000,79614,80000,80000,80000,85000,85000,90000,90000,70000,70000,70000,80000,80000,75000,75000,90000
3543709,Rincão (SP),50000,60000,71600,70000,84450,86704,53571,82000,80000,80000,80000,80000,70000,75000,75000,75000,75000,75000,75000,75000,75000
3543808,Rinópolis (SP),90000,80000,80000,71111,80000,79463,80000,80000,80000,80645,80000,80000,80000,80000,80000,75000,-,70000,47500,72500,55000
3543907,Rio Claro (SP),85000,68910,79530,86823,79815,82495,85000,65177,90000,75000,75000,75000,75000,75000,53500,53500,75000,75000,72000,75000,75000
3544004,Rio das Pedras (SP),60000,80000,80000,80000,85000,87282,80000,80000,80000,90000,90000,75000,80000,80000,56000,68400,65000,65055,67000,66000,66000
3544103,Rio Grande da Serra (SP),...,...,...,...,...,...,...,...,...,...,...,...,...,...,...,-,-,...,...,...,...
3544202,Riolândia (SP),90000,95000,90000,90000,90000,89413,95000,120000,90000,90000,80054,79604,80000,81603,70000,80000,90000,90000,92000,92000,92000
3544251,Rosana (SP),-,80000,39029,-,-,79594,60000,80000,70000,-,80000,74000,65000,74000,65000,54050,61513,61513,70314,73989,64447
3544301,Roseira (SP),...,42000,-,-,-,-,-,-,-,-,-,-,-,-,-,-,-,-,-,-,-
3544400,Rubiácea (SP),80000,80000,82884,84000,84000,56814,120000,100000,100000,100000,100000,80000,90000,74290,73000,71000,79639,90000,82000,77000,85000
3544509,Rubinéia (SP),-,-,-,-,-,-,-,-,-,165000,120000,120000,100000,100000,80000,80000,80000,80000,80000,80000,80000
3544608,Sabino (SP),60000,40000,51085,52000,98070,75982,14000,140000,76480,120000,110000,120000,-,90000,70000,76000,80000,74000,80000,64004,77111
3544707,Sagres (SP),75000,75000,70297,74386,75000,79474,75000,75000,75000,70000,76000,75000,78000,70000,65000,69000,80000,85000,70000,70000,70000
3544806,Sales (SP),75000,75000,75000,75000,75000,79463,70000,80000,70000,80000,80000,80000,80000,80000,75000,80000,85000,85000,85000,80000,80000
3544905,Sales Oliveira (SP),80000,80000,83333,70000,75600,86251,84000,84000,90001,90000,90001,90000,90000,90000,90000,80000,90000,90000,90000,90000,90000
3545001,Salesópolis (SP),-,-,-,-,-,-,-,-,-,-,-,-,-,-,-,-,-,-,-,-,-
3545100,Salmourão (SP),80000,80000,87000,79942,80000,84941,80000,80000,90000,100000,120000,120000,76000,75000,70000,75000,87000,88000,70000,90000,75000
3545159,Saltinho (SP),70000,70000,70000,70000,70000,69529,70000,70000,80000,80000,80000,75000,80000,80000,55992,70779,65000,65000,67000,65000,65667
3545209,Salto (SP),60000,70000,70000,75000,75000,74497,50000,70000,70000,70000,80000,80000,80000,80000,73000,74000,80000,79000,79000,79000,79000
3545308,Salto de Pirapora (SP),60000,70000,70000,70000,70000,69531,69532,-,69531,-,-,-,-,-,-,-,-,-,-,-,-
3545407,Salto Grande (SP),70000,80000,80000,80000,80000,79488,80000,80000,80000,80000,80000,80000,80000,66667,80000,80000,70000,90000,84000,80000,79000
3545506,Sandovalina (SP),-,-,-,-,-,-,80000,80000,80000,80000,80000,70000,70623,70000,80000,79166,79628,79628,80000,80119,79605
3545605,Santa Adélia (SP),75000,75000,85000,85000,85000,87397,63000,90000,90000,84069,90000,90000,90000,90000,72000,90000,90000,90000,80000,75000,75000
3545704,Santa Albertina (SP),-,-,-,-,-,-,-,105555,90000,134508,130000,110000,95000,70925,89931,84000,110000,78291,84000,70000,85000
3545803,Santa Bárbara d'Oeste (SP),75000,75000,76171,75000,75000,75666,75000,75000,73891,73891,75000,88235,80000,79523,60000,63000,64000,64000,65000,80000,80000
3546009,Santa Branca (SP),-,-,-,-,-,-,-,-,-,60000,60000,60000,-,-,-,-,-,50000,50000,50000,50000
3546108,Santa Clara d'Oeste (SP),-,-,-,-,-,-,-,-,-,-,-,-,-,90000,70000,80000,80000,70000,70000,-,-
3546207,Santa Cruz da Conceição (SP),70000,80000,89200,80000,80000,79483,90000,72580,55434,80000,80000,80000,70000,72000,66000,70000,80000,80000,80000,75000,75000
3546256,Santa Cruz da Esperança (SP),70000,70000,70000,70000,70000,69530,75000,74880,75000,80000,80000,56000,56000,56000,62761,75000,78000,80000,80000,80000,80000
3546306,Santa Cruz das Palmeiras (SP),85000,85000,81818,85000,85000,84214,82000,82000,85000,85000,85000,90000,86300,84100,75000,78000,85000,80000,80000,82000,82000
3546405,Santa Cruz do Rio Pardo (SP),90000,90000,90000,90000,90000,89403,80000,90000,80000,80000,80000,80000,80000,83333,80000,65000,65000,68000,70000,70000,67667
3546504,Santa Ernestina (SP),80000,90000,90000,90000,90000,89409,95000,95000,95000,90000,90000,90000,87143,85915,60200,90000,90000,90000,89000,90000,87000
3546603,Santa Fé do Sul (SP),-,-,-,-,-,-,-,-,-,150000,120000,100000,80000,80000,75000,80000,90000,90000,90000,85543,90000
3546702,Santa Gertrudes (SP),72000,72000,87867,91511,80384,81179,87790,81687,80000,79000,79000,79000,85000,81000,52360,52360,65000,65000,70000,73000,73000
3546801,Santa Isabel (SP),-,60000,...,...,...,...,...,...,...,-,-,-,-,-,-,-,-,-,-,-,-
3546900,Santa Lúcia (SP),70000,70000,71600,66500,76150,75644,84781,80000,85000,85000,86888,86889,75000,75000,72174,75000,75000,75000,75000,75000,75000
3547007,Santa Maria da Serra (SP),80000,60000,60000,80000,80000,79463,60000,79464,79464,79464,80000,70000,80000,92632,64842,78863,65000,65000,67000,65000,65667
3547106,Santa Mercedes (SP),-,-,-,-,-,-,-,80000,100000,87719,100000,94304,82000,80188,56672,61360,75000,70000,70000,70000,68000
3547205,Santana da Ponte Pensa (SP),-,-,-,-,-,-,-,-,120000,120000,120000,120000,80000,80000,70000,80000,90000,90000,70000,80000,80000
3547304,Santana de Parnaíba (SP),...,...,...,...,...,...,...,...,...,...,...,...,...,...,...,...,...,...,...,...,...
3547403,Santa Rita d'Oeste (SP),-,-,-,-,-,-,-,-,-,150000,120000,120000,80000,74667,70000,70000,80000,80000,70000,80000,80000
3547502,Santa Rita do Passa Quatro (SP),75000,70133,59756,90000,80000,84438,85000,85000,80028,80000,80000,85000,60000,80000,80000,80000,80000,80000,80000,70000,70000
3547601,Santa Rosa de Viterbo (SP),70000,74285,60000,70000,70000,69537,70000,70200,80000,85993,80000,80000,70000,70000,74100,70000,70000,80000,80000,80000,80000
3547650,Santa Salete (SP),-,-,-,-,-,-,-,60000,90000,82307,84000,110000,-,113331,100000,100000,100000,100000,100000,100000,100000
3547700,Santo Anastácio (SP),60000,60000,60000,75000,75000,59635,85000,80000,85000,55000,85000,70000,65000,60000,70000,77822,70349,68522,70000,70116,70155
3547809,Santo André (SP),...,...,...,...,...,...,...,...,...,...,...,...,...,...,...,...,...,...,...,...,...
3547908,Santo Antônio da Alegria (SP),80000,80000,80000,80000,80000,79436,80000,56354,80000,80000,80000,80000,-,84848,74100,80000,80000,80000,80000,80000,80000
3548005,Santo Antônio de Posse (SP),82000,82000,82000,82000,80000,84430,86000,81000,81000,81000,85000,73000,73000,73000,68000,75000,75000,85000,58000,50000,70000
3548054,Santo Antônio do Aracanguá (SP),90000,82058,80000,82000,80000,91771,83000,83000,85000,90000,90000,80000,85000,100000,60000,100000,64663,65000,70203,70000,72000
3548104,Santo Antônio do Jardim (SP),80000,80000,80000,-,-,-,-,-,-,-,95000,95000,80000,80000,-,-,-,-,-,-,-
3548203,Santo Antônio do Pinhal (SP),-,-,-,-,-,-,-,-,-,-,-,-,-,-,-,-,-,-,-,-,-
3548302,Santo Expedito (SP),70000,70000,70000,88000,70000,69530,70000,70000,70000,70000,70000,70000,70000,70000,70000,70000,70008,70008,70008,72982,70175
3548401,Santópolis do Aguapeí (SP),90000,79232,87878,118180,78272,83066,83000,83000,113417,83000,80000,79500,76500,76500,65430,58140,64790,75890,75890,75000,75000
3548500,Santos (SP),...,...,...,...,...,...,...,...,...,-,...,...,...,...,...,...,...,...,...,...,...
3548609,São Bento do Sapucaí (SP),-,-,-,-,-,-,-,-,-,-,-,-,-,-,-,-,-,-,-,-,-
3548708,São Bernardo do Campo (SP),...,...,...,...,...,...,...,...,...,...,...,...,...,...,...,...,...,...,...,...,...
3548906,São Carlos (SP),75000,80000,85000,80971,80971,83135,84000,84000,84000,84000,86651,85028,85000,85000,80000,83000,85000,80000,80000,80000,85000
3549003,São Francisco (SP),-,-,-,-,-,-,-,60000,-,-,70000,80000,90000,90000,90000,90000,90000,90000,90000,90000,90000
3549102,São João da Boa Vista (SP),100000,83827,87000,80175,78685,81462,98000,98000,100000,98000,98000,82360,76000,78000,76000,76000,75000,75000,80000,80000,75000
3549201,São João das Duas Pontes (SP),-,-,-,-,80000,79343,80000,80000,80000,42105,100000,80000,57273,70000,70000,80000,80000,80000,80000,76190,80000
3549250,São João de Iracema (SP),70000,70000,79545,77354,78475,88637,100000,130000,74642,71995,80147,100000,69049,69049,71000,70974,58000,60000,60000,62000,72000
3549300,São João do Pau d'Alho (SP),-,-,-,-,-,-,-,...,-,-,100000,94667,80000,80992,63967,70000,75000,75000,70000,70000,70000
3549409,São Joaquim da Barra (SP),90000,96000,70000,75000,75000,77007,80000,100000,100000,100000,100000,100000,80019,90010,80019,80019,80019,80000,80000,72000,72000
3549508,São José da Bela Vista (SP),100000,100000,100000,100000,90000,89406,90000,90000,90000,90000,90000,100000,100000,82247,70000,70000,80000,100000,100000,85000,100000
3549607,São José do Barreiro (SP),50000,50000,50000,50000,50000,60173,60000,60000,60173,60000,60000,60000,60000,60000,60000,60000,60000,60000,60000,60000,60000
3549706,São José do Rio Pardo (SP),70000,60000,80000,75419,75400,74943,94017,90000,90000,90000,79672,80000,98305,98305,98305,100000,100000,70000,70000,80000,83333
3549805,São José do Rio Preto (SP),80000,80000,70000,70000,100000,79463,80000,85000,80000,90000,90000,90000,80000,80000,70000,80000,80000,80000,100000,80000,80000
3549904,São José dos Campos (SP),-,-,60000,30000,30000,29795,30000,30000,30000,30000,30000,-,-,-,-,-,50000,-,-,-,...
3549953,São Lourenço da Serra (SP),-,...,...,...,...,...,...,...,...,...,...,...,...,...,...,...,...,-,...,...,...
3550001,São Luiz do Paraitinga (SP),-,60000,-,-,-,19857,60000,70000,19857,19857,60000,60000,-,83333,60000,-,60000,60000,60000,70000,70000
3550100,São Manuel (SP),90000,82173,86538,90000,88775,92084,90000,90000,90000,83435,92782,90000,90000,80000,80000,70000,70000,60000,80000,79991,79991
3550209,São Miguel Arcanjo (SP),-,-,-,-,-,-,-,-,-,-,82000,79500,73000,-,-,-,-,-,-,-,-
3550308,São Paulo (SP),-,...,...,...,...,...,...,...,...,...,...,...,...,1200,20000,20000,20000,20000,20000,20000,20000
3550407,São Pedro (SP),60000,60000,60000,60000,60000,59602,60000,59602,60000,60000,60000,70000,60000,60000,42339,54732,65000,65000,67000,65000,65000
3550506,São Pedro do Turvo (SP),75000,75000,75000,75000,75000,74508,75000,80000,80000,80000,80000,80000,85000,85000,85000,85000,85000,70000,72000,80000,78960
3550605,São Roque (SP),-,60000,60000,60000,60000,59595,59595,59000,59595,-,-,100000,90000,100000,100000,-,-,100000,100000,83333,83333
3550704,São Sebastião (SP),10000,...,...,...,...,...,...,...,...,...,...,...,...,-,...,...,-,-,-,-,-
3550803,São Sebastião da Grama (SP),-,-,-,-,-,-,-,90000,90000,90000,70000,70000,70000,70000,70000,69905,69905,69905,69905,75000,70000
3550902,São Simão (SP),62941,75000,75000,75000,75000,77011,75000,80000,80009,80000,79998,79999,70000,80670,74100,70000,70000,70000,70000,70000,70000
3551009,São Vicente (SP),-,...,...,...,...,...,...,...,...,...,...,...,...,...,...,...,...,...,...,...,...
3551108,Sarapuí (SP),-,-,-,-,-,-,-,-,-,-,86847,85000,70000,81000,71000,85000,85000,85000,-,-,-
3551207,Sarutaiá (SP),-,-,75157,80000,82000,79663,80000,80000,80000,80000,80000,81500,81500,90000,90000,90000,90000,90000,90000,90000,90000
3551306,Sebastianópolis do Sul (SP),60000,60000,80000,120000,80000,99363,123000,100000,100000,90000,90000,90000,70000,80000,60000,80000,80000,80000,70000,70000,70000
3551405,Serra Azul (SP),56000,70000,70000,70000,70000,69535,70000,74828,70000,74948,75000,75000,80000,81397,74100,72000,70000,79223,79223,79223,79223
3551504,Serrana (SP),80000,80000,80000,80000,80000,79475,80000,80000,83000,85000,85000,85000,80000,82000,74100,74000,80000,74000,74000,74000,74000
3551603,Serra Negra (SP),60000,60000,60000,60000,100000,99401,80000,100000,100000,100000,52000,85000,70000,70000,70000,80000,80000,80000,80000,80000,80000
3551702,Sertãozinho (SP),82000,74764,80000,80000,80000,82148,80000,78125,83000,80000,80000,79000,79000,79000,55300,79000,80000,85000,85000,85000,85000
3551801,Sete Barras (SP),-,-,-,-,-,-,-,-,-,-,-,-,-,-,-,50000,-,-,40000,40000,40000
3551900,Severínia (SP),70000,70000,63653,94000,86000,94368,85000,85000,85000,80000,85000,75000,75000,85000,65000,73000,80000,80000,65000,70000,75000
3552007,Silveiras (SP),-,-,50000,50000,50000,62600,60000,-,62600,65000,65000,65000,65000,65000,65000,65000,65000,65000,65000,65000,65000
3552106,Socorro (SP),80000,80000,80000,75000,74000,73738,80000,74000,70000,70000,51000,80000,80000,80000,80000,80000,80000,80000,80000,80000,80000
3552205,Sorocaba (SP),80000,70000,80000,80000,70000,79461,70000,-,79461,50000,80000,100000,100000,80000,80000,100000,100000,100000,100000,75000,100000
3552304,Sud Mennucci (SP),75000,68000,73469,89056,83204,74462,90000,90000,80333,73316,77000,70000,66094,78231,72526,64912,75000,82000,82000,75000,77333
3552403,Sumaré (SP),60000,60000,60000,60000,60000,59597,85000,60000,60000,60000,...,60000,60000,90000,90000,82850,90000,96552,85000,85000,85000
3552502,Suzano (SP),60000,...,...,...,...,...,...,...,...,...,...,...,...,...,...,...,...,...,...,-,-
3552551,Suzanápolis (SP),99889,100000,93125,85093,79289,87142,80000,-,90000,96979,96000,100000,60616,67493,58480,82469,80000,100000,70000,75000,76000
3552601,Tabapuã (SP),70000,70000,85000,85000,85000,84438,80000,85000,90000,90000,90000,90000,90000,90000,70000,90000,90000,90000,90000,85000,85000
3552700,Tabatinga (SP),85000,85000,85000,85000,85000,84437,85000,85000,88000,88000,90000,90000,90000,90000,64000,64000,88000,80000,70000,69360,72000
3552809,Taboão da Serra (SP),-,...,...,...,...,...,...,...,...,...,...,...,...,...,...,...,...,-,...,...,...
3552908,Taciba (SP),60000,60000,60000,60000,60000,59605,60000,-,60000,70000,70000,70000,71600,80000,70000,90000,70000,70000,90000,90000,81111
3553005,Taguaí (SP),-,-,66000,80000,82000,80230,80000,80000,80000,81000,80000,82000,81500,85000,86000,-,-,-,-,-,-
3553104,Taiaçu (SP),95000,95000,85000,85000,99000,98353,85000,85000,90000,90000,90000,85000,85000,85000,80000,82000,83000,83000,70000,75000,75000
3553203,Taiúva (SP),70000,80000,80000,80000,91000,92391,95000,95000,95000,94000,90000,85000,85000,85000,75000,77000,85000,85000,75000,75000,75000
3553302,Tambaú (SP),80000,80000,80000,80000,80000,77518,80000,80000,80000,80000,80000,80000,71400,70000,50000,80000,80000,80000,90000,90000,80000
3553401,Tanabi (SP),75000,80000,80000,80000,70000,79463,86000,90000,100000,90000,90000,90000,85000,80000,70000,72000,80000,80000,70000,70000,80000
3553500,Tapiraí (SP),-,-,60000,60000,60000,60173,60173,60173,60173,...,-,...,...,...,...,...,-,-,-,-,-
3553609,Tapiratiba (SP),80000,80000,88000,85000,85000,84430,85000,90000,84000,84000,90000,85000,85000,95200,95200,95200,95200,95200,95200,80000,95200
3553658,Taquaral (SP),90000,90000,90000,90000,90000,89396,85000,98000,9000,85000,85000,80000,72034,72034,72034,80000,80000,80000,70000,75000,75000
3553708,Taquaritinga (SP),80000,80000,80000,80000,80000,82145,95000,95000,95000,95000,90000,90000,88000,88000,60200,90000,90000,90000,89000,90000,87000
3553807,Taquarituba (SP),60000,72903,60000,60000,70000,69530,70000,70000,70000,70000,70000,70000,70000,70000,70000,130000,70000,80000,70000,70000,70000
3553856,Taquarivaí (SP),-,-,-,-,-,-,30000,75000,30000,30000,-,40000,-,-,-,-,-,-,-,-,-
3553906,Tarabai (SP),-,-,-,-,-,-,62000,70000,65000,80000,75000,70000,70000,80000,77000,80000,80000,80000,80000,80000,80000
3553955,Tarumã (SP),93000,94000,93885,86238,87000,92415,93440,90000,87100,96000,88350,79867,82000,90000,83000,90000,74000,86000,93000,85000,90000
3554003,Tatuí (SP),80000,80000,80000,80000,80000,89409,80000,80000,89409,100041,89000,89000,-,80000,80000,80000,31699,80000,80000,80000,80000
3554102,Taubaté (SP),-,-,-,-,-,-,-,-,-,...,-,100,-,-,-,-,-,-,15385,-,-
3554201,Tejupá (SP),-,-,75000,75000,80000,79462,80000,80000,80000,80000,80769,80769,80500,85000,74776,86000,86000,86000,86000,85500,-
3554300,Teodoro Sampaio (SP),70000,70000,69230,50000,70000,61614,71000,71000,64000,64000,64000,64000,60000,64000,33000,110028,75982,64000,65346,73538,60000
3554409,Terra Roxa (SP),80000,96969,83870,89000,90000,92417,100000,85000,85000,90000,90000,65000,85000,85000,68000,75000,80000,80000,75000,80000,80000
3554508,Tietê (SP),99337,85714,100000,100000,98000,98899,100000,100000,100000,75000,70588,82192,82000,64412,75000,75000,75000,75000,75000,75000,75000
3554607,Timburi (SP),-,-,80000,80000,82000,79578,92000,80000,80000,80500,80769,80000,80000,86000,86000,80000,80000,80000,80000,80000,80000
3554656,Torre de Pedra (SP),-,-,-,-,-,-,-,-,-,-,50000,50000,...,...,...,-,90000,90000,90000,84286,84286
3554706,Torrinha (SP),69926,70000,80000,80000,80000,79472,80000,80000,85000,85000,85000,85000,85000,75000,80000,74000,74000,70000,60000,80000,75000
3554755,Trabiju (SP),70000,80000,71600,59000,78100,77576,77576,80000,80000,80000,96467,96468,92000,92000,75000,80000,80000,75000,75000,76667,77000
3554805,Tremembé (SP),-,-,-,-,-,-,-,-,-,...,-,-,-,-,-,-,-,-,-,-,-
3554904,Três Fronteiras (SP),-,-,-,-,-,-,-,-,-,120000,120000,100000,70000,70000,60000,80000,80000,70000,60000,80000,70000
3554953,Tuiuti (SP),-,-,-,-,-,-,-,-,-,-,-,50000,-,-,-,-,-,-,-,-,-
3555000,Tupã (SP),-,-,-,-,80000,96233,91636,70000,65000,70000,80000,120000,80000,60000,60000,75000,85000,60000,72170,75000,60000
3555109,Tupi Paulista (SP),-,-,-,-,-,89520,90000,84262,80000,80000,100000,90967,78000,84345,67476,81000,80000,72000,70000,70000,70000
3555208,Turiúba (SP),-,-,-,-,80000,94625,100000,120000,123960,120000,120000,80415,80000,77624,60000,70000,94260,80000,80000,65000,90000
3555307,Turmalina (SP),70000,80000,80000,21676,80000,89651,80000,78000,90000,78730,80000,80000,85000,70000,70000,60000,60000,80000,60000,75000,75000
3555356,Ubarana (SP),80000,80000,96952,62483,100000,79739,60000,80000,80000,80000,80000,80000,80000,80000,80000,80000,90000,90000,90000,90000,90000
3555406,Ubatuba (SP),-,...,...,...,...,...,...,...,...,...,...,...,-,...,...,...,-,-,-,-,-
3555505,Ubirajara (SP),-,-,-,-,-,-,-,67142,67198,68198,70000,72000,72022,59925,72000,52000,70000,70000,-,-,-
3555604,Uchoa (SP),78555,80000,70000,80000,80000,79470,80000,80000,75000,80000,80000,80000,80000,80000,70000,80000,110000,110000,90000,90000,80000
3555703,União Paulista (SP),100000,120000,73846,120000,104000,99357,120000,90000,90000,90000,90000,90000,90000,110000,80000,100000,100000,100000,100000,80000,80000
3555802,Urânia (SP),-,60000,-,-,-,-,-,90000,90000,114000,113000,80000,92000,100000,80000,100000,120000,120000,120000,110000,110000
3555901,Uru (SP),-,-,-,-,-,-,80000,50000,50000,120000,119992,119993,-,120049,99972,120000,120013,120000,110000,75000,75000
3556008,Urupês (SP),80000,70000,82418,80000,76722,79469,80000,80000,80000,80000,80000,80000,80000,80000,72000,80000,90000,90000,80000,70000,80000
3556107,Valentim Gentil (SP),70000,-,50000,50000,50000,-,50000,-,110000,90000,78809,78151,-,90000,90000,90000,70000,68000,65000,73000,70000
3556206,Valinhos (SP),-,-,-,-,-,-,-,-,-,...,-,-,-,-,-,-,-,-,-,-,-
3556305,Valparaíso (SP),85119,86086,80600,90000,81458,72000,80000,69999,80000,72000,72000,72000,72000,80000,62000,75000,82382,84000,82000,82000,82000
3556354,Vargem (SP),-,-,45000,50000,50000,44714,80000,45000,45000,45000,50000,50000,80000,-,-,-,-,-,-,-,-
3556404,Vargem Grande do Sul (SP),91000,90000,87000,80586,81000,81450,85000,90000,85000,90001,100000,76650,90000,90138,89988,75278,119995,120000,120000,90000,75000
3556453,Vargem Grande Paulista (SP),...,...,...,...,...,...,...,...,...,...,...,...,...,...,...,...,...,-,...,...,...
3556503,Várzea Paulista (SP),-,-,50000,50000,50000,52000,50000,50000,50000,-,80000,...,-,...,...,...,...,...,...,...,...
3556602,Vera Cruz (SP),-,-,-,-,-,-,-,-,-,...,-,-,-,-,-,-,-,-,-,-,-
3556701,Vinhedo (SP),-,-,-,-,-,-,-,-,-,...,-,-,-,-,-,-,-,-,-,-,-
3556800,Viradouro (SP),90000,90322,84615,90383,91000,93442,90000,90000,85000,86000,80000,65000,80000,80000,64000,75000,80000,80000,75000,80000,80000
3556909,Vista Alegre do Alto (SP),100000,100000,102857,100000,90000,89396,76500,76000,89761,80000,80000,80000,90000,100000,82000,99540,96000,90000,95000,90000,87000
3556958,Vitória Brasil (SP),-,-,80000,58344,80000,99328,140000,119259,90000,86190,125000,110000,95000,95000,90000,100000,100000,100000,100000,85000,100000
3557006,Votorantim (SP),-,70000,70000,70000,70000,69531,80000,69000,69531,-,-,-,-,-,-,-,-,-,-,-,-
3557105,Votuporanga (SP),-,-,-,-,80000,71799,90000,90000,90000,90000,86931,50000,90000,77332,70000,70000,70000,75000,75000,70000,70000
3557154,Zacarias (SP),-,-,-,-,100000,99329,120000,120000,122663,120000,100000,88240,88000,83016,70000,80000,80000,80000,80000,80000,80000
3557204,Chavantes (SP),150000,80000,70000,70000,70000,79474,80000,79450,80000,80000,80000,80000,80000,80000,80000,75000,100000,90000,85000,80000,78960
3557303,Estiva Gerbi (SP),81111,80000,80000,80000,80000,79463,80000,67000,67000,67000,80000,80000,80000,85000,72250,70000,90000,90000,45000,77500,100000
Fonte: IBGE - Produção Agrícola Municipal,,,,,,,,,,,,,,,,,,,,,,
"Tabela 1612 - Área plantada, área colhida, quantidade produzida, rendimento médio e valor da produção das lavouras temporárias",,,,,,,,,,,,,,,,,,,,,,
